--
-- PostgreSQL database dump
--

\restrict e3pcylw4OOdqQBWDs9mbeNnOV8938RoCeV12jxoqya3KgKiDxx0FZwJMVfRDdE4

-- Dumped from database version 18.1
-- Dumped by pg_dump version 18.0

-- Started on 2026-02-25 11:20:50

SET statement_timeout = 0;
SET lock_timeout = 0;
SET idle_in_transaction_session_timeout = 0;
SET transaction_timeout = 0;
SET client_encoding = 'UTF8';
SET standard_conforming_strings = on;
SELECT pg_catalog.set_config('search_path', '', false);
SET check_function_bodies = false;
SET xmloption = content;
SET client_min_messages = warning;
SET row_security = off;

--
-- TOC entry 916 (class 1247 OID 17199)
-- Name: enum_BookCopy_conditionStatus; Type: TYPE; Schema: public; Owner: postgres
--

CREATE TYPE public."enum_BookCopy_conditionStatus" AS ENUM (
    'AVAILABLE',
    'DAMAGED',
    'LOST'
);


ALTER TYPE public."enum_BookCopy_conditionStatus" OWNER TO postgres;

--
-- TOC entry 919 (class 1247 OID 17224)
-- Name: enum_book_copies_conditionStatus; Type: TYPE; Schema: public; Owner: postgres
--

CREATE TYPE public."enum_book_copies_conditionStatus" AS ENUM (
    'AVAILABLE',
    'BORROWED',
    'DAMAGED',
    'LOST'
);


ALTER TYPE public."enum_book_copies_conditionStatus" OWNER TO postgres;

--
-- TOC entry 925 (class 1247 OID 17253)
-- Name: enum_loans_status; Type: TYPE; Schema: public; Owner: postgres
--

CREATE TYPE public.enum_loans_status AS ENUM (
    'borrowed',
    'returned',
    'overdue'
);


ALTER TYPE public.enum_loans_status OWNER TO postgres;

SET default_tablespace = '';

SET default_table_access_method = heap;

--
-- TOC entry 248 (class 1259 OID 17052)
-- Name: Authors; Type: TABLE; Schema: public; Owner: postgres
--

CREATE TABLE public."Authors" (
    id integer NOT NULL,
    name character varying(255) NOT NULL,
    year_of_birth integer NOT NULL,
    "createdAt" timestamp with time zone NOT NULL,
    "updatedAt" timestamp with time zone NOT NULL,
    "deletedAt" timestamp with time zone
);


ALTER TABLE public."Authors" OWNER TO postgres;

--
-- TOC entry 247 (class 1259 OID 17051)
-- Name: Authors_id_seq; Type: SEQUENCE; Schema: public; Owner: postgres
--

CREATE SEQUENCE public."Authors_id_seq"
    AS integer
    START WITH 1
    INCREMENT BY 1
    NO MINVALUE
    NO MAXVALUE
    CACHE 1;


ALTER SEQUENCE public."Authors_id_seq" OWNER TO postgres;

--
-- TOC entry 5949 (class 0 OID 0)
-- Dependencies: 247
-- Name: Authors_id_seq; Type: SEQUENCE OWNED BY; Schema: public; Owner: postgres
--

ALTER SEQUENCE public."Authors_id_seq" OWNED BY public."Authors".id;


--
-- TOC entry 250 (class 1259 OID 17064)
-- Name: Books; Type: TABLE; Schema: public; Owner: postgres
--

CREATE TABLE public."Books" (
    id integer NOT NULL,
    name character varying(255) NOT NULL,
    price numeric(10,2) NOT NULL,
    author_id integer NOT NULL,
    "createdAt" timestamp with time zone NOT NULL,
    "updatedAt" timestamp with time zone NOT NULL,
    "deletedAt" timestamp with time zone
);


ALTER TABLE public."Books" OWNER TO postgres;

--
-- TOC entry 249 (class 1259 OID 17063)
-- Name: Books_id_seq; Type: SEQUENCE; Schema: public; Owner: postgres
--

CREATE SEQUENCE public."Books_id_seq"
    AS integer
    START WITH 1
    INCREMENT BY 1
    NO MINVALUE
    NO MAXVALUE
    CACHE 1;


ALTER SEQUENCE public."Books_id_seq" OWNER TO postgres;

--
-- TOC entry 5950 (class 0 OID 0)
-- Dependencies: 249
-- Name: Books_id_seq; Type: SEQUENCE OWNED BY; Schema: public; Owner: postgres
--

ALTER SEQUENCE public."Books_id_seq" OWNED BY public."Books".id;


--
-- TOC entry 258 (class 1259 OID 17163)
-- Name: FavoriteBooks; Type: TABLE; Schema: public; Owner: postgres
--

CREATE TABLE public."FavoriteBooks" (
    user_id integer NOT NULL,
    book_id integer NOT NULL,
    "createdAt" timestamp with time zone NOT NULL,
    "updatedAt" timestamp with time zone NOT NULL
);


ALTER TABLE public."FavoriteBooks" OWNER TO postgres;

--
-- TOC entry 252 (class 1259 OID 17083)
-- Name: Genres; Type: TABLE; Schema: public; Owner: postgres
--

CREATE TABLE public."Genres" (
    id integer NOT NULL,
    name character varying(255) NOT NULL,
    "createdAt" timestamp with time zone NOT NULL,
    "updatedAt" timestamp with time zone NOT NULL,
    "deletedAt" timestamp with time zone
);


ALTER TABLE public."Genres" OWNER TO postgres;

--
-- TOC entry 251 (class 1259 OID 17082)
-- Name: Genres_id_seq; Type: SEQUENCE; Schema: public; Owner: postgres
--

CREATE SEQUENCE public."Genres_id_seq"
    AS integer
    START WITH 1
    INCREMENT BY 1
    NO MINVALUE
    NO MAXVALUE
    CACHE 1;


ALTER SEQUENCE public."Genres_id_seq" OWNER TO postgres;

--
-- TOC entry 5951 (class 0 OID 0)
-- Dependencies: 251
-- Name: Genres_id_seq; Type: SEQUENCE OWNED BY; Schema: public; Owner: postgres
--

ALTER SEQUENCE public."Genres_id_seq" OWNED BY public."Genres".id;


--
-- TOC entry 260 (class 1259 OID 17232)
-- Name: book_copies; Type: TABLE; Schema: public; Owner: postgres
--

CREATE TABLE public.book_copies (
    id integer NOT NULL,
    book_id integer NOT NULL,
    "conditionStatus" public."enum_book_copies_conditionStatus" DEFAULT 'AVAILABLE'::public."enum_book_copies_conditionStatus" NOT NULL,
    "shelfLocation" character varying(255),
    "createdAt" timestamp with time zone NOT NULL,
    "updatedAt" timestamp with time zone NOT NULL,
    "deletedAt" timestamp with time zone
);


ALTER TABLE public.book_copies OWNER TO postgres;

--
-- TOC entry 259 (class 1259 OID 17231)
-- Name: book_copies_id_seq; Type: SEQUENCE; Schema: public; Owner: postgres
--

CREATE SEQUENCE public.book_copies_id_seq
    AS integer
    START WITH 1
    INCREMENT BY 1
    NO MINVALUE
    NO MAXVALUE
    CACHE 1;


ALTER SEQUENCE public.book_copies_id_seq OWNER TO postgres;

--
-- TOC entry 5952 (class 0 OID 0)
-- Dependencies: 259
-- Name: book_copies_id_seq; Type: SEQUENCE OWNED BY; Schema: public; Owner: postgres
--

ALTER SEQUENCE public.book_copies_id_seq OWNED BY public.book_copies.id;


--
-- TOC entry 253 (class 1259 OID 17095)
-- Name: book_genres; Type: TABLE; Schema: public; Owner: postgres
--

CREATE TABLE public.book_genres (
    book_id integer NOT NULL,
    genre_id integer NOT NULL
);


ALTER TABLE public.book_genres OWNER TO postgres;

--
-- TOC entry 262 (class 1259 OID 17260)
-- Name: loans; Type: TABLE; Schema: public; Owner: postgres
--

CREATE TABLE public.loans (
    id integer NOT NULL,
    user_id integer NOT NULL,
    book_copy_id integer NOT NULL,
    status public.enum_loans_status DEFAULT 'borrowed'::public.enum_loans_status NOT NULL,
    "borrowDate" timestamp with time zone NOT NULL,
    "dueDate" timestamp with time zone NOT NULL,
    "returnDate" timestamp with time zone,
    fine numeric(10,2) DEFAULT 0,
    "createdAt" timestamp with time zone NOT NULL,
    "updatedAt" timestamp with time zone NOT NULL,
    "deletedAt" timestamp with time zone
);


ALTER TABLE public.loans OWNER TO postgres;

--
-- TOC entry 261 (class 1259 OID 17259)
-- Name: loans_id_seq; Type: SEQUENCE; Schema: public; Owner: postgres
--

CREATE SEQUENCE public.loans_id_seq
    AS integer
    START WITH 1
    INCREMENT BY 1
    NO MINVALUE
    NO MAXVALUE
    CACHE 1;


ALTER SEQUENCE public.loans_id_seq OWNER TO postgres;

--
-- TOC entry 5953 (class 0 OID 0)
-- Dependencies: 261
-- Name: loans_id_seq; Type: SEQUENCE OWNED BY; Schema: public; Owner: postgres
--

ALTER SEQUENCE public.loans_id_seq OWNED BY public.loans.id;


--
-- TOC entry 257 (class 1259 OID 17146)
-- Name: refresh_tokens; Type: TABLE; Schema: public; Owner: postgres
--

CREATE TABLE public.refresh_tokens (
    id integer NOT NULL,
    token character varying(255) NOT NULL,
    "expiresAt" timestamp with time zone NOT NULL,
    user_id integer NOT NULL,
    "createdAt" timestamp with time zone NOT NULL,
    "updatedAt" timestamp with time zone NOT NULL
);


ALTER TABLE public.refresh_tokens OWNER TO postgres;

--
-- TOC entry 256 (class 1259 OID 17145)
-- Name: refresh_tokens_id_seq; Type: SEQUENCE; Schema: public; Owner: postgres
--

CREATE SEQUENCE public.refresh_tokens_id_seq
    AS integer
    START WITH 1
    INCREMENT BY 1
    NO MINVALUE
    NO MAXVALUE
    CACHE 1;


ALTER SEQUENCE public.refresh_tokens_id_seq OWNER TO postgres;

--
-- TOC entry 5954 (class 0 OID 0)
-- Dependencies: 256
-- Name: refresh_tokens_id_seq; Type: SEQUENCE OWNED BY; Schema: public; Owner: postgres
--

ALTER SEQUENCE public.refresh_tokens_id_seq OWNED BY public.refresh_tokens.id;


--
-- TOC entry 255 (class 1259 OID 17113)
-- Name: users; Type: TABLE; Schema: public; Owner: postgres
--

CREATE TABLE public.users (
    id integer NOT NULL,
    name character varying(255) NOT NULL,
    email character varying(255) NOT NULL,
    password character varying(255) NOT NULL,
    role character varying(255) DEFAULT 'user'::character varying NOT NULL,
    "isActive" boolean DEFAULT true NOT NULL,
    "createdAt" timestamp with time zone NOT NULL,
    "updatedAt" timestamp with time zone NOT NULL,
    "deletedAt" timestamp with time zone
);


ALTER TABLE public.users OWNER TO postgres;

--
-- TOC entry 254 (class 1259 OID 17112)
-- Name: users_id_seq; Type: SEQUENCE; Schema: public; Owner: postgres
--

CREATE SEQUENCE public.users_id_seq
    AS integer
    START WITH 1
    INCREMENT BY 1
    NO MINVALUE
    NO MAXVALUE
    CACHE 1;


ALTER SEQUENCE public.users_id_seq OWNER TO postgres;

--
-- TOC entry 5955 (class 0 OID 0)
-- Dependencies: 254
-- Name: users_id_seq; Type: SEQUENCE OWNED BY; Schema: public; Owner: postgres
--

ALTER SEQUENCE public.users_id_seq OWNED BY public.users.id;


--
-- TOC entry 4931 (class 2604 OID 17055)
-- Name: Authors id; Type: DEFAULT; Schema: public; Owner: postgres
--

ALTER TABLE ONLY public."Authors" ALTER COLUMN id SET DEFAULT nextval('public."Authors_id_seq"'::regclass);


--
-- TOC entry 4932 (class 2604 OID 17067)
-- Name: Books id; Type: DEFAULT; Schema: public; Owner: postgres
--

ALTER TABLE ONLY public."Books" ALTER COLUMN id SET DEFAULT nextval('public."Books_id_seq"'::regclass);


--
-- TOC entry 4933 (class 2604 OID 17086)
-- Name: Genres id; Type: DEFAULT; Schema: public; Owner: postgres
--

ALTER TABLE ONLY public."Genres" ALTER COLUMN id SET DEFAULT nextval('public."Genres_id_seq"'::regclass);


--
-- TOC entry 4938 (class 2604 OID 17235)
-- Name: book_copies id; Type: DEFAULT; Schema: public; Owner: postgres
--

ALTER TABLE ONLY public.book_copies ALTER COLUMN id SET DEFAULT nextval('public.book_copies_id_seq'::regclass);


--
-- TOC entry 4940 (class 2604 OID 17263)
-- Name: loans id; Type: DEFAULT; Schema: public; Owner: postgres
--

ALTER TABLE ONLY public.loans ALTER COLUMN id SET DEFAULT nextval('public.loans_id_seq'::regclass);


--
-- TOC entry 4937 (class 2604 OID 17149)
-- Name: refresh_tokens id; Type: DEFAULT; Schema: public; Owner: postgres
--

ALTER TABLE ONLY public.refresh_tokens ALTER COLUMN id SET DEFAULT nextval('public.refresh_tokens_id_seq'::regclass);


--
-- TOC entry 4934 (class 2604 OID 17116)
-- Name: users id; Type: DEFAULT; Schema: public; Owner: postgres
--

ALTER TABLE ONLY public.users ALTER COLUMN id SET DEFAULT nextval('public.users_id_seq'::regclass);


--
-- TOC entry 5929 (class 0 OID 17052)
-- Dependencies: 248
-- Data for Name: Authors; Type: TABLE DATA; Schema: public; Owner: postgres
--

COPY public."Authors" (id, name, year_of_birth, "createdAt", "updatedAt", "deletedAt") FROM stdin;
1	Naguib Mahfouz	1911	2026-02-14 20:01:32.773006+01	2026-02-14 20:01:32.773006+01	\N
2	Ghassan Kanafani	1936	2026-02-14 20:01:32.773006+01	2026-02-14 20:01:32.773006+01	\N
3	Hanan al-Shaykh	1945	2026-02-14 20:01:32.773006+01	2026-02-14 20:01:32.773006+01	\N
4	Taha Hussein	1889	2026-02-14 20:01:32.773006+01	2026-02-14 20:01:32.773006+01	\N
5	Ahdaf Soueif	1950	2026-02-14 20:01:32.773006+01	2026-02-14 20:01:32.773006+01	\N
6	Gibran Khalil Gibran	1883	2026-02-14 20:01:32.773006+01	2026-02-14 20:01:32.773006+01	\N
7	Yusuf Idris	1927	2026-02-14 20:01:32.773006+01	2026-02-14 20:01:32.773006+01	\N
8	Radwa Ashour	1946	2026-02-14 20:01:32.773006+01	2026-02-14 20:01:32.773006+01	\N
9	Ibrahim al-Koni	1948	2026-02-14 20:01:32.773006+01	2026-02-14 20:01:32.773006+01	\N
10	Sonallah Ibrahim	1937	2026-02-14 20:01:32.773006+01	2026-02-14 20:01:32.773006+01	\N
11	Latifa al-Zayyat	1923	2026-02-14 20:01:32.773006+01	2026-02-14 20:01:32.773006+01	\N
12	Hoda Barakat	1952	2026-02-14 20:01:32.773006+01	2026-02-14 20:01:32.773006+01	\N
13	new author2	1950	2026-02-15 05:36:07.458+01	2026-02-15 05:36:07.458+01	\N
14	new author2	1950	2026-02-15 08:27:42.732+01	2026-02-15 08:27:42.732+01	\N
16	new author2	1950	2026-02-21 03:11:08.346+01	2026-02-21 03:11:08.346+01	\N
17	update new author	1950	2026-02-22 05:46:36.891+01	2026-02-22 05:48:27.376+01	2026-02-22 05:48:27.375+01
18	Naghib Mahfouz	1911	2026-02-23 06:07:46.227+01	2026-02-23 06:07:46.227+01	\N
19	Naghib Mahfouz	1911	2026-02-23 14:46:48.986+01	2026-02-23 14:46:48.986+01	\N
20	Naghib Mahfouz	1911	2026-02-23 14:48:54.331+01	2026-02-23 14:48:54.331+01	\N
21	Naghib Mahfouz	1911	2026-02-23 14:49:18.7+01	2026-02-23 14:49:18.7+01	\N
22	Julia Kagawa	1982	2026-02-23 14:53:14.681+01	2026-02-23 14:53:14.681+01	\N
\.


--
-- TOC entry 5931 (class 0 OID 17064)
-- Dependencies: 250
-- Data for Name: Books; Type: TABLE DATA; Schema: public; Owner: postgres
--

COPY public."Books" (id, name, price, author_id, "createdAt", "updatedAt", "deletedAt") FROM stdin;
1	Palace Walk	15.99	1	2026-02-14 20:01:32.773006+01	2026-02-14 20:01:32.773006+01	\N
2	Men in the Sun	9.50	2	2026-02-14 20:01:32.773006+01	2026-02-14 20:01:32.773006+01	\N
3	Women of Sand and Myrrh	12.75	3	2026-02-14 20:01:32.773006+01	2026-02-14 20:01:32.773006+01	\N
4	The Days	11.25	4	2026-02-14 20:01:32.773006+01	2026-02-14 20:01:32.773006+01	\N
5	The Map of Love	13.40	5	2026-02-14 20:01:32.773006+01	2026-02-14 20:01:32.773006+01	\N
6	Palace of Desire	16.25	1	2026-02-14 20:01:32.773006+01	2026-02-14 20:01:32.773006+01	\N
7	Mirage	8.99	4	2026-02-14 20:01:32.773006+01	2026-02-14 20:01:32.773006+01	\N
8	The Prophet	10.50	6	2026-02-14 20:01:32.773006+01	2026-02-14 20:01:32.773006+01	\N
9	Awe of the Desert	14.10	9	2026-02-14 20:01:32.773006+01	2026-02-14 20:01:32.773006+01	\N
10	The Committee	9.99	10	2026-02-14 20:01:32.773006+01	2026-02-14 20:01:32.773006+01	\N
11	Open Doors	11.60	11	2026-02-14 20:01:32.773006+01	2026-02-14 20:01:32.773006+01	\N
12	The Stone of Laughter	12.20	12	2026-02-14 20:01:32.773006+01	2026-02-14 20:01:32.773006+01	\N
13	The Trilogy: Sugar Street	17.40	1	2026-02-14 20:01:32.773006+01	2026-02-14 20:01:32.773006+01	\N
14	Return to Haifa	8.60	2	2026-02-14 20:01:32.773006+01	2026-02-14 20:01:32.773006+01	\N
15	Granada	15.30	8	2026-02-14 20:01:32.773006+01	2026-02-14 20:01:32.773006+01	\N
16	In the Eye of the Sun	14.90	5	2026-02-14 20:01:32.773006+01	2026-02-14 20:01:32.773006+01	\N
17	The Cheapest Nights	7.80	7	2026-02-14 20:01:32.773006+01	2026-02-14 20:01:32.773006+01	\N
18	Season of Migration	13.10	10	2026-02-14 20:01:32.773006+01	2026-02-14 20:01:32.773006+01	\N
19	Echoes of an Autobiography	10.20	4	2026-02-14 20:01:32.773006+01	2026-02-14 20:01:32.773006+01	\N
20	A Balcony Over the Fakihani	9.20	2	2026-02-14 20:01:32.773006+01	2026-02-14 20:01:32.773006+01	\N
26	updated book with service controll	22.00	4	2026-02-21 12:49:28.74+01	2026-02-21 12:49:59.606+01	\N
27	new test with new filter	22.00	4	2026-02-22 05:43:43.963+01	2026-02-22 05:43:43.963+01	\N
28	The Iron King	12.00	22	2026-02-23 14:55:58.887+01	2026-02-23 14:55:58.887+01	\N
\.


--
-- TOC entry 5939 (class 0 OID 17163)
-- Dependencies: 258
-- Data for Name: FavoriteBooks; Type: TABLE DATA; Schema: public; Owner: postgres
--

COPY public."FavoriteBooks" (user_id, book_id, "createdAt", "updatedAt") FROM stdin;
13	1	2026-02-16 21:33:02.784566+01	2026-02-16 21:33:02.784566+01
13	2	2026-02-16 21:33:12.502583+01	2026-02-16 21:33:12.502583+01
13	3	2026-02-16 21:33:46.562122+01	2026-02-16 21:33:46.562122+01
13	12	2026-02-16 21:48:52.92+01	2026-02-16 21:48:52.92+01
24	6	2026-02-22 06:41:43.226+01	2026-02-22 06:41:43.226+01
31	6	2026-02-23 05:05:03.613+01	2026-02-23 05:05:03.613+01
31	10	2026-02-23 05:05:27.128+01	2026-02-23 05:05:27.128+01
24	2	2026-02-23 05:18:32.467+01	2026-02-23 05:18:32.467+01
32	3	2026-02-23 05:41:57.284+01	2026-02-23 05:41:57.284+01
\.


--
-- TOC entry 5933 (class 0 OID 17083)
-- Dependencies: 252
-- Data for Name: Genres; Type: TABLE DATA; Schema: public; Owner: postgres
--

COPY public."Genres" (id, name, "createdAt", "updatedAt", "deletedAt") FROM stdin;
1	Novel	2026-02-14 20:01:32.773006+01	2026-02-14 20:01:32.773006+01	\N
2	Short Stories	2026-02-14 20:01:32.773006+01	2026-02-14 20:01:32.773006+01	\N
3	Historical	2026-02-14 20:01:32.773006+01	2026-02-14 20:01:32.773006+01	\N
4	Drama	2026-02-14 20:01:32.773006+01	2026-02-14 20:01:32.773006+01	\N
5	Mystery	2026-02-14 20:01:32.773006+01	2026-02-14 20:01:32.773006+01	\N
6	Poetry	2026-02-14 20:01:32.773006+01	2026-02-14 20:01:32.773006+01	\N
7	Biography	2026-02-14 20:01:32.773006+01	2026-02-14 20:01:32.773006+01	\N
8	Philosophy	2026-02-14 20:01:32.773006+01	2026-02-14 20:01:32.773006+01	\N
9	Politics	2026-02-14 20:01:32.773006+01	2026-02-14 20:01:32.773006+01	\N
10	Romance	2026-02-14 20:01:32.773006+01	2026-02-14 20:01:32.773006+01	\N
12	updated test	2026-02-22 05:51:39.663+01	2026-02-22 05:53:46.757+01	2026-02-22 05:53:46.756+01
13	test	2026-02-23 06:03:19.343+01	2026-02-23 06:03:19.343+01	\N
14	Fantasy	2026-02-23 14:54:57.656+01	2026-02-23 14:54:57.656+01	\N
\.


--
-- TOC entry 5941 (class 0 OID 17232)
-- Dependencies: 260
-- Data for Name: book_copies; Type: TABLE DATA; Schema: public; Owner: postgres
--

COPY public.book_copies (id, book_id, "conditionStatus", "shelfLocation", "createdAt", "updatedAt", "deletedAt") FROM stdin;
4	1	AVAILABLE	Shelf A4	2026-02-17 10:00:16.565617+01	2026-02-17 10:00:16.565617+01	\N
5	1	AVAILABLE	Shelf A5	2026-02-17 10:00:16.565617+01	2026-02-17 10:00:16.565617+01	\N
13	3	AVAILABLE	Shelf C3	2026-02-17 10:00:16.565617+01	2026-02-17 10:00:16.565617+01	\N
14	3	AVAILABLE	Shelf C4	2026-02-17 10:00:16.565617+01	2026-02-17 10:00:16.565617+01	\N
15	3	AVAILABLE	Shelf C5	2026-02-17 10:00:16.565617+01	2026-02-17 10:00:16.565617+01	\N
17	4	AVAILABLE	Shelf D2	2026-02-17 10:00:16.565617+01	2026-02-17 10:00:16.565617+01	\N
18	4	AVAILABLE	Shelf D3	2026-02-17 10:00:16.565617+01	2026-02-17 10:00:16.565617+01	\N
19	4	AVAILABLE	Shelf D4	2026-02-17 10:00:16.565617+01	2026-02-17 10:00:16.565617+01	\N
20	4	AVAILABLE	Shelf D5	2026-02-17 10:00:16.565617+01	2026-02-17 10:00:16.565617+01	\N
21	5	AVAILABLE	Shelf E1	2026-02-17 10:00:16.565617+01	2026-02-17 10:00:16.565617+01	\N
22	5	AVAILABLE	Shelf E2	2026-02-17 10:00:16.565617+01	2026-02-17 10:00:16.565617+01	\N
23	5	AVAILABLE	Shelf E3	2026-02-17 10:00:16.565617+01	2026-02-17 10:00:16.565617+01	\N
24	5	AVAILABLE	Shelf E4	2026-02-17 10:00:16.565617+01	2026-02-17 10:00:16.565617+01	\N
25	5	AVAILABLE	Shelf E5	2026-02-17 10:00:16.565617+01	2026-02-17 10:00:16.565617+01	\N
26	6	AVAILABLE	Shelf F1	2026-02-17 10:00:16.565617+01	2026-02-17 10:00:16.565617+01	\N
27	6	AVAILABLE	Shelf F2	2026-02-17 10:00:16.565617+01	2026-02-17 10:00:16.565617+01	\N
28	6	AVAILABLE	Shelf F3	2026-02-17 10:00:16.565617+01	2026-02-17 10:00:16.565617+01	\N
29	6	AVAILABLE	Shelf F4	2026-02-17 10:00:16.565617+01	2026-02-17 10:00:16.565617+01	\N
30	6	AVAILABLE	Shelf F5	2026-02-17 10:00:16.565617+01	2026-02-17 10:00:16.565617+01	\N
31	7	AVAILABLE	Shelf G1	2026-02-17 10:00:16.565617+01	2026-02-17 10:00:16.565617+01	\N
32	7	AVAILABLE	Shelf G2	2026-02-17 10:00:16.565617+01	2026-02-17 10:00:16.565617+01	\N
33	7	AVAILABLE	Shelf G3	2026-02-17 10:00:16.565617+01	2026-02-17 10:00:16.565617+01	\N
34	7	AVAILABLE	Shelf G4	2026-02-17 10:00:16.565617+01	2026-02-17 10:00:16.565617+01	\N
35	7	AVAILABLE	Shelf G5	2026-02-17 10:00:16.565617+01	2026-02-17 10:00:16.565617+01	\N
36	8	AVAILABLE	Shelf H1	2026-02-17 10:00:16.565617+01	2026-02-17 10:00:16.565617+01	\N
37	8	AVAILABLE	Shelf H2	2026-02-17 10:00:16.565617+01	2026-02-17 10:00:16.565617+01	\N
38	8	AVAILABLE	Shelf H3	2026-02-17 10:00:16.565617+01	2026-02-17 10:00:16.565617+01	\N
39	8	AVAILABLE	Shelf H4	2026-02-17 10:00:16.565617+01	2026-02-17 10:00:16.565617+01	\N
40	8	AVAILABLE	Shelf H5	2026-02-17 10:00:16.565617+01	2026-02-17 10:00:16.565617+01	\N
41	9	AVAILABLE	Shelf I1	2026-02-17 10:00:16.565617+01	2026-02-17 10:00:16.565617+01	\N
42	9	AVAILABLE	Shelf I2	2026-02-17 10:00:16.565617+01	2026-02-17 10:00:16.565617+01	\N
43	9	AVAILABLE	Shelf I3	2026-02-17 10:00:16.565617+01	2026-02-17 10:00:16.565617+01	\N
44	9	AVAILABLE	Shelf I4	2026-02-17 10:00:16.565617+01	2026-02-17 10:00:16.565617+01	\N
45	9	AVAILABLE	Shelf I5	2026-02-17 10:00:16.565617+01	2026-02-17 10:00:16.565617+01	\N
46	10	AVAILABLE	Shelf J1	2026-02-17 10:00:16.565617+01	2026-02-17 10:00:16.565617+01	\N
47	10	AVAILABLE	Shelf J2	2026-02-17 10:00:16.565617+01	2026-02-17 10:00:16.565617+01	\N
48	10	AVAILABLE	Shelf J3	2026-02-17 10:00:16.565617+01	2026-02-17 10:00:16.565617+01	\N
49	10	AVAILABLE	Shelf J4	2026-02-17 10:00:16.565617+01	2026-02-17 10:00:16.565617+01	\N
50	10	AVAILABLE	Shelf J5	2026-02-17 10:00:16.565617+01	2026-02-17 10:00:16.565617+01	\N
51	11	AVAILABLE	Shelf K1	2026-02-17 10:00:16.565617+01	2026-02-17 10:00:16.565617+01	\N
52	11	AVAILABLE	Shelf K2	2026-02-17 10:00:16.565617+01	2026-02-17 10:00:16.565617+01	\N
53	11	AVAILABLE	Shelf K3	2026-02-17 10:00:16.565617+01	2026-02-17 10:00:16.565617+01	\N
54	11	AVAILABLE	Shelf K4	2026-02-17 10:00:16.565617+01	2026-02-17 10:00:16.565617+01	\N
55	11	AVAILABLE	Shelf K5	2026-02-17 10:00:16.565617+01	2026-02-17 10:00:16.565617+01	\N
56	12	AVAILABLE	Shelf L1	2026-02-17 10:00:16.565617+01	2026-02-17 10:00:16.565617+01	\N
57	12	AVAILABLE	Shelf L2	2026-02-17 10:00:16.565617+01	2026-02-17 10:00:16.565617+01	\N
58	12	AVAILABLE	Shelf L3	2026-02-17 10:00:16.565617+01	2026-02-17 10:00:16.565617+01	\N
59	12	AVAILABLE	Shelf L4	2026-02-17 10:00:16.565617+01	2026-02-17 10:00:16.565617+01	\N
60	12	AVAILABLE	Shelf L5	2026-02-17 10:00:16.565617+01	2026-02-17 10:00:16.565617+01	\N
61	13	AVAILABLE	Shelf M1	2026-02-17 10:00:16.565617+01	2026-02-17 10:00:16.565617+01	\N
62	13	AVAILABLE	Shelf M2	2026-02-17 10:00:16.565617+01	2026-02-17 10:00:16.565617+01	\N
63	13	AVAILABLE	Shelf M3	2026-02-17 10:00:16.565617+01	2026-02-17 10:00:16.565617+01	\N
64	13	AVAILABLE	Shelf M4	2026-02-17 10:00:16.565617+01	2026-02-17 10:00:16.565617+01	\N
65	13	AVAILABLE	Shelf M5	2026-02-17 10:00:16.565617+01	2026-02-17 10:00:16.565617+01	\N
66	14	AVAILABLE	Shelf N1	2026-02-17 10:00:16.565617+01	2026-02-17 10:00:16.565617+01	\N
67	14	AVAILABLE	Shelf N2	2026-02-17 10:00:16.565617+01	2026-02-17 10:00:16.565617+01	\N
68	14	AVAILABLE	Shelf N3	2026-02-17 10:00:16.565617+01	2026-02-17 10:00:16.565617+01	\N
69	14	AVAILABLE	Shelf N4	2026-02-17 10:00:16.565617+01	2026-02-17 10:00:16.565617+01	\N
70	14	AVAILABLE	Shelf N5	2026-02-17 10:00:16.565617+01	2026-02-17 10:00:16.565617+01	\N
71	15	AVAILABLE	Shelf O1	2026-02-17 10:00:16.565617+01	2026-02-17 10:00:16.565617+01	\N
72	15	AVAILABLE	Shelf O2	2026-02-17 10:00:16.565617+01	2026-02-17 10:00:16.565617+01	\N
73	15	AVAILABLE	Shelf O3	2026-02-17 10:00:16.565617+01	2026-02-17 10:00:16.565617+01	\N
74	15	AVAILABLE	Shelf O4	2026-02-17 10:00:16.565617+01	2026-02-17 10:00:16.565617+01	\N
75	15	AVAILABLE	Shelf O5	2026-02-17 10:00:16.565617+01	2026-02-17 10:00:16.565617+01	\N
76	16	AVAILABLE	Shelf P1	2026-02-17 10:00:16.565617+01	2026-02-17 10:00:16.565617+01	\N
77	16	AVAILABLE	Shelf P2	2026-02-17 10:00:16.565617+01	2026-02-17 10:00:16.565617+01	\N
78	16	AVAILABLE	Shelf P3	2026-02-17 10:00:16.565617+01	2026-02-17 10:00:16.565617+01	\N
79	16	AVAILABLE	Shelf P4	2026-02-17 10:00:16.565617+01	2026-02-17 10:00:16.565617+01	\N
80	16	AVAILABLE	Shelf P5	2026-02-17 10:00:16.565617+01	2026-02-17 10:00:16.565617+01	\N
81	17	AVAILABLE	Shelf Q1	2026-02-17 10:00:16.565617+01	2026-02-17 10:00:16.565617+01	\N
82	17	AVAILABLE	Shelf Q2	2026-02-17 10:00:16.565617+01	2026-02-17 10:00:16.565617+01	\N
83	17	AVAILABLE	Shelf Q3	2026-02-17 10:00:16.565617+01	2026-02-17 10:00:16.565617+01	\N
84	17	AVAILABLE	Shelf Q4	2026-02-17 10:00:16.565617+01	2026-02-17 10:00:16.565617+01	\N
85	17	AVAILABLE	Shelf Q5	2026-02-17 10:00:16.565617+01	2026-02-17 10:00:16.565617+01	\N
86	18	AVAILABLE	Shelf R1	2026-02-17 10:00:16.565617+01	2026-02-17 10:00:16.565617+01	\N
87	18	AVAILABLE	Shelf R2	2026-02-17 10:00:16.565617+01	2026-02-17 10:00:16.565617+01	\N
88	18	AVAILABLE	Shelf R3	2026-02-17 10:00:16.565617+01	2026-02-17 10:00:16.565617+01	\N
89	18	AVAILABLE	Shelf R4	2026-02-17 10:00:16.565617+01	2026-02-17 10:00:16.565617+01	\N
90	18	AVAILABLE	Shelf R5	2026-02-17 10:00:16.565617+01	2026-02-17 10:00:16.565617+01	\N
91	19	AVAILABLE	Shelf S1	2026-02-17 10:00:16.565617+01	2026-02-17 10:00:16.565617+01	\N
92	19	AVAILABLE	Shelf S2	2026-02-17 10:00:16.565617+01	2026-02-17 10:00:16.565617+01	\N
93	19	AVAILABLE	Shelf S3	2026-02-17 10:00:16.565617+01	2026-02-17 10:00:16.565617+01	\N
94	19	AVAILABLE	Shelf S4	2026-02-17 10:00:16.565617+01	2026-02-17 10:00:16.565617+01	\N
95	19	AVAILABLE	Shelf S5	2026-02-17 10:00:16.565617+01	2026-02-17 10:00:16.565617+01	\N
96	20	AVAILABLE	Shelf T1	2026-02-17 10:00:16.565617+01	2026-02-17 10:00:16.565617+01	\N
97	20	AVAILABLE	Shelf T2	2026-02-17 10:00:16.565617+01	2026-02-17 10:00:16.565617+01	\N
98	20	AVAILABLE	Shelf T3	2026-02-17 10:00:16.565617+01	2026-02-17 10:00:16.565617+01	\N
99	20	AVAILABLE	Shelf T4	2026-02-17 10:00:16.565617+01	2026-02-17 10:00:16.565617+01	\N
100	20	AVAILABLE	Shelf T5	2026-02-17 10:00:16.565617+01	2026-02-17 10:00:16.565617+01	\N
1	1	BORROWED	Shelf A1	2026-02-17 10:00:16.565617+01	2026-02-23 05:05:55.85+01	\N
6	2	BORROWED	Shelf B1	2026-02-17 10:00:16.565617+01	2026-02-17 15:48:02.188+01	\N
11	3	AVAILABLE	Shelf C1	2026-02-17 10:00:16.565617+01	2026-02-23 05:42:02.802+01	\N
7	2	AVAILABLE	Shelf B2	2026-02-17 10:00:16.565617+01	2026-02-17 16:42:09.493+01	\N
2	1	AVAILABLE	Shelf A2	2026-02-17 10:00:16.565617+01	2026-02-23 05:32:13.114+01	\N
8	2	AVAILABLE	Shelf B3	2026-02-17 10:00:16.565617+01	2026-02-18 10:03:19.372+01	\N
102	4	AVAILABLE	LOC001	2026-02-21 16:12:47.133+01	2026-02-21 16:12:47.133+01	2026-02-21 16:14:23.074+01
12	3	BORROWED	Shelf C2	2026-02-17 10:00:16.565617+01	2026-02-23 05:42:06.963+01	\N
9	2	BORROWED	Shelf B4	2026-02-17 10:00:16.565617+01	2026-02-23 05:36:00.13+01	\N
3	1	AVAILABLE	Shelf A3	2026-02-17 10:00:16.565617+01	2026-02-23 05:36:47.316+01	\N
10	2	BORROWED	Shelf B5	2026-02-17 10:00:16.565617+01	2026-02-23 05:42:27.256+01	\N
16	4	BORROWED	Shelf D1	2026-02-17 10:00:16.565617+01	2026-02-23 05:42:40.486+01	\N
\.


--
-- TOC entry 5934 (class 0 OID 17095)
-- Dependencies: 253
-- Data for Name: book_genres; Type: TABLE DATA; Schema: public; Owner: postgres
--

COPY public.book_genres (book_id, genre_id) FROM stdin;
1	1
1	3
2	1
2	4
2	9
3	1
3	2
3	10
4	1
4	3
4	7
5	1
5	3
5	10
6	1
6	3
7	1
7	5
8	6
8	8
9	1
9	3
10	1
10	9
11	1
11	10
12	1
12	4
13	1
13	3
14	1
14	9
15	1
15	3
16	1
16	10
17	2
18	1
18	9
19	7
19	1
20	4
20	1
26	3
26	4
27	2
27	10
28	14
\.


--
-- TOC entry 5943 (class 0 OID 17260)
-- Dependencies: 262
-- Data for Name: loans; Type: TABLE DATA; Schema: public; Owner: postgres
--

COPY public.loans (id, user_id, book_copy_id, status, "borrowDate", "dueDate", "returnDate", fine, "createdAt", "updatedAt", "deletedAt") FROM stdin;
1	13	6	borrowed	2026-02-17 15:48:02.168+01	2026-03-19 15:48:02.168+01	\N	0.00	2026-02-17 15:48:02.169+01	2026-02-17 15:48:02.169+01	\N
2	23	7	returned	2026-02-17 15:50:14.738+01	2026-03-19 15:50:14.738+01	2026-02-17 16:42:09.473+01	0.00	2026-02-17 15:50:14.738+01	2026-02-17 16:42:09.473+01	\N
4	31	1	borrowed	2026-02-23 05:05:55.813+01	2026-03-25 05:05:55.813+01	\N	0.00	2026-02-23 05:05:55.813+01	2026-02-23 05:05:55.813+01	\N
5	24	2	returned	2026-02-23 05:18:52.911+01	2026-03-25 05:18:52.911+01	2026-02-23 05:32:13.105+01	0.00	2026-02-23 05:18:52.912+01	2026-02-23 05:32:13.105+01	\N
7	24	9	borrowed	2026-02-23 05:36:00.118+01	2026-03-25 05:36:00.118+01	\N	0.00	2026-02-23 05:36:00.119+01	2026-02-23 05:36:00.119+01	\N
6	24	3	returned	2026-02-23 05:35:26.96+01	2026-03-25 05:35:26.96+01	2026-02-23 05:36:47.258+01	0.00	2026-02-23 05:35:26.963+01	2026-02-23 05:36:47.263+01	\N
8	32	11	returned	2026-02-23 05:41:58.546+01	2026-03-25 05:41:58.546+01	2026-02-23 05:42:02.785+01	0.00	2026-02-23 05:41:58.547+01	2026-02-23 05:42:02.785+01	\N
9	32	12	borrowed	2026-02-23 05:42:06.955+01	2026-03-25 05:42:06.955+01	\N	0.00	2026-02-23 05:42:06.956+01	2026-02-23 05:42:06.956+01	\N
10	32	10	borrowed	2026-02-23 05:42:27.251+01	2026-03-25 05:42:27.251+01	\N	0.00	2026-02-23 05:42:27.251+01	2026-02-23 05:42:27.251+01	\N
11	32	16	borrowed	2026-02-23 05:42:40.482+01	2026-03-25 05:42:40.482+01	\N	0.00	2026-02-23 05:42:40.482+01	2026-02-23 05:42:40.482+01	\N
\.


--
-- TOC entry 5938 (class 0 OID 17146)
-- Dependencies: 257
-- Data for Name: refresh_tokens; Type: TABLE DATA; Schema: public; Owner: postgres
--

COPY public.refresh_tokens (id, token, "expiresAt", user_id, "createdAt", "updatedAt") FROM stdin;
1	bed63270b15d26b1ac493f8e4745bc39db086bcbaf2adba0b9405515d48bd6d365de89bf0708156b0a314689feb9c5348cffb87ed849b10696bf8a36238a9128	2026-02-22 09:38:30.07+01	13	2026-02-15 09:38:30.071+01	2026-02-15 09:38:30.071+01
2	cad21261b56a6a200f69dc14d1b7fc282fa30f2a7005dfdf2e5f222f5236c5cf21212144b7e671f646e10ba8cfffcfa0cf23dd03be4baa2135adee55c278c772	2026-02-22 09:41:57.867+01	13	2026-02-15 09:41:57.868+01	2026-02-15 09:41:57.868+01
3	6bf22a45a6d0a5282a745f97c10f022fd7726c4751dcccc46a29ba03a8ca47c44601da8d99a46e8e0e323818de4ebc44d38e28e5328e8cf23644e32ded3c11c3	2026-02-22 09:42:46.828+01	13	2026-02-15 09:42:46.829+01	2026-02-15 09:42:46.829+01
4	40900df53696d96895aaaa3cb719304a1a6db035616e334ca73134d490b8b18f9b61700d8deacff02e6eeaf74f4f132137bb4aac1ae363fa3227d17881764e78	2026-02-22 09:45:56.254+01	19	2026-02-15 09:45:56.254+01	2026-02-15 09:45:56.254+01
5	bf741e5badc07b3769fc82f79e0e6da8570dfd62919af86611a3f3237506f5d8b82b3006eac23ff290cab4c881f98ee2b35c9713aada6504a60464bb81212bde	2026-02-22 10:07:31.907+01	13	2026-02-15 10:07:31.909+01	2026-02-15 10:07:31.909+01
6	8d230757615e18773720b28e5a3a0ff1771bc519a86217450642fd0d90a06337344fe11092ca42d865bc460d86a4db8f524be175deafc3d90f29e7de140c635e	2026-02-22 10:08:01.433+01	13	2026-02-15 10:08:01.433+01	2026-02-15 10:08:01.433+01
7	ee4f0476c30880478f347512c886ac2cf62eef2165df559cce1e627162a779bb4a1af8db49e953d26015b852fd6836fc2f03fbe86d6dd7e1835fe1a680bf1957	2026-02-23 02:29:51.458+01	13	2026-02-16 02:29:51.462+01	2026-02-16 02:29:51.462+01
8	75ecb05af2a04f9444869f9cd99d62bfa784596c7e419bdd6b1fe4ff149ceec711ce6bdf5cde59eb82d558ea3f1e94aa9843093a89876cefcf20361f0d53af31	2026-02-23 03:58:55.559+01	13	2026-02-16 03:58:55.56+01	2026-02-16 03:58:55.56+01
9	2eb393b62a77c97bbdf3f62d4f02626faa2faff6ba495e51b35d3581ac565c717571c29539b89f03d72e234887ff703793bbc6aaf718884a0778af7e06abfb12	2026-02-23 03:59:16.44+01	13	2026-02-16 03:59:16.44+01	2026-02-16 03:59:16.44+01
10	9e636efb924f88920f676dce998a5610248b90c94aa127b1da9ca7c35fe029f2c094d5cc9a0e22714e05a88b33030054a2daa3ec8c925dae4c301a7f86f7aa3f	2026-02-23 04:16:05.45+01	13	2026-02-16 04:16:05.452+01	2026-02-16 04:16:05.452+01
11	9fb94ea979fca5b15244b5fe12b9d06527800a308748461f5ff70b156d56f7a9331b423b7eb400e1ff2cb5bb065d7ec3158aba7ffcec2b19b3bbddc7ce5b486b	2026-02-23 04:16:06.767+01	13	2026-02-16 04:16:06.767+01	2026-02-16 04:16:06.767+01
12	47e793ed341739555066a9b1fb3bf35d0267af87fdf6de55ff3f4671d0ae61182d397ecb72b58a3010e7c69ab83fc257d9d8b222d899881c7267eeb2447fa752	2026-02-23 04:16:07.78+01	13	2026-02-16 04:16:07.78+01	2026-02-16 04:16:07.78+01
13	7636a2f67e10247907a6ee3fc240354b40bc76f4740da38e93c0820b130429fe92b00bd2336f6e3eb3152b881507006dfaa771df955c2c3bf393f0d57c0c244c	2026-02-23 04:16:08.755+01	13	2026-02-16 04:16:08.756+01	2026-02-16 04:16:08.756+01
14	b4db70d34bff14cd76be4b695d535eec5908aee2de8ea5c98b8cc37efce123c10f86b8062eb5e409a94515abe4cdf60c2f6a522c954fe5c9e832c84e8f852cf9	2026-02-23 04:16:09.795+01	13	2026-02-16 04:16:09.795+01	2026-02-16 04:16:09.795+01
15	686d73a8a073a62e492b6682922a8036c0d6ba5204288e749d14c894708322882ff6e67d396ec4435592c5f419723a09f4361915954753efe300867ef243a43f	2026-02-23 04:19:11.587+01	13	2026-02-16 04:19:11.597+01	2026-02-16 04:19:11.597+01
16	a10117093b58429e7a3122735b961830719720e2e938d278c9ab05626af4e3740c8aec31fa5bae7b227c5fe7337cc8adb443fff8895c8b0d7b953fdad2fde554	2026-02-23 04:19:15.315+01	13	2026-02-16 04:19:15.315+01	2026-02-16 04:19:15.315+01
17	68eff5e47bac03a65454bbf475bbfdf3f08b68fba5b12e602be512e167d9ef793b2034a12d8713f0002316c21be9e93ce960524ed29dc4ebd114f9778b415da4	2026-02-23 04:19:16.482+01	13	2026-02-16 04:19:16.482+01	2026-02-16 04:19:16.482+01
18	30e2bc8d77b19e3728ec64553a358c0a16ffeb6062065a2e100380d3bbe348ef344e5e6b451e50173e50fc713d51e7be2ac23cc5866aef491e1a82245b82baba	2026-02-23 04:19:17.655+01	13	2026-02-16 04:19:17.657+01	2026-02-16 04:19:17.657+01
19	ba2bc74868d903b3528dedb80295fb665992c3e484e20f5dbc8065c922ea9a8dcbef055b9c9cfdb0c2f283ac1450f21970319c6072c1157848c4f8975eba8587	2026-02-23 04:19:18.956+01	13	2026-02-16 04:19:18.957+01	2026-02-16 04:19:18.957+01
20	e97dea0790261d0fade7a767f3733c1eeb2641976c627b6d0f223d6bf12fa22ced8c47de5f40fbb7e37384c9f907f4d7f437a22db09d731a52bf0625efb79634	2026-02-23 21:01:34.338+01	13	2026-02-16 21:01:34.339+01	2026-02-16 21:01:34.339+01
21	737fa63f6b4f52183d2f316f2ddeb8fa3737d02c1db6cfddd7320726162d1dca131a92d5dde3605d7384c92b5a27ca3a3a34c4cac33067088236239e5b9f6fc8	2026-02-23 22:03:49.24+01	13	2026-02-16 22:03:49.243+01	2026-02-16 22:03:49.243+01
22	84847656c85f7f47f641d5165ed2ac513e4ac7428223b05442c03c09d5b453bed25cfba8dfd8a064c79f7f4797cdd03e4da3a9792c232992e84084a5f916f75a	2026-02-24 08:58:22.632+01	13	2026-02-17 08:58:22.632+01	2026-02-17 08:58:22.632+01
23	54ea8973f341610af65ea494cc5a479273df58d5778e272fcbe68150bb8a1fe14c2887c5eb8dc1ac9acebc7957f59f2bd7955006125811e872d4e35167c81197	2026-02-24 10:00:55.167+01	13	2026-02-17 10:00:55.168+01	2026-02-17 10:00:55.168+01
24	2d0238b22e1ff0ce42642ee1b00f5eaea93112086cbd1d5d47d923de8241aeb05bcff630ea9a1afe7140af0d2c8765201c5efa9f8414fe290c8ab3bbf5cf4a2f	2026-02-24 10:43:43.86+01	20	2026-02-17 10:43:43.861+01	2026-02-17 10:43:43.861+01
26	2c5d1c1848aff70eb55df889745063fb1e3446724197595db5378cdfe0e31a2f8f0dd8157bd4dd273a60ee6dda9c669424743a5a2280ac80cfd5a83053644472	2026-02-24 10:46:41.558+01	23	2026-02-17 10:46:41.558+01	2026-02-17 10:46:41.558+01
27	7f857ad97bfe509b7b70d3230f3633e5d3adde6f75604d32cfddb34c9ed9490698618126a6dd473c46a082aeb7ba8efee5a1d06637033bdbcc239bc0e1e92539	2026-02-24 15:46:44.643+01	13	2026-02-17 15:46:44.645+01	2026-02-17 15:46:44.645+01
28	ab3646aa2fd4e3f39758a160405062d94a625021844d4e0be76d444cbc890271904f4e5575f2bf45827dea7d9fa6892926955277b11df129a9dbb468148bc68d	2026-02-24 15:49:59.762+01	23	2026-02-17 15:49:59.763+01	2026-02-17 15:49:59.763+01
30	69fe9a4bf3beed9a4bad235d1d734564a86bbb5b857a4fd1a8d9e94095204b71af41edb312ec754b724cd85a68dadb454d2ac43872609535e032e4b1ffcfe674	2026-02-24 16:02:56.107+01	23	2026-02-17 16:02:56.108+01	2026-02-17 16:02:56.108+01
36	5edae6d4f5a2acfd960e8ead2d9e88cad79528404c72c6bec2f9f41f66a557a249ec4a4f56c0d9c701a06f815122a23247a6033d392252a1306157fc374e67b1	2026-02-28 12:09:19.809+01	23	2026-02-21 12:09:19.811+01	2026-02-21 12:09:19.811+01
37	268b87ff2169f90e7a3197ccbf9508833273da3e31ce9986fb42010dc9bd63223e9b000b2d60b635589d588a313dfd6b1a1ba9fe028a55352b2a1cff888b17b6	2026-02-28 12:11:39.556+01	23	2026-02-21 12:11:39.556+01	2026-02-21 12:11:39.556+01
38	692f64ab2bda163b44412ac20b2ecf3e8652e51125c9de071b9521111e6751641eb8c411fa71a4552276ece6184bbacf1b0ec34cb8b2d4254de345665bba5bec	2026-02-28 12:14:36.784+01	23	2026-02-21 12:14:36.786+01	2026-02-21 12:14:36.786+01
39	f14ad63ace4e6eb3efe017175cb1028705ea6a5e18893f3197171c0ea83ff06e3124380a7b14e788fc7d1d14421094793725923339bbf45befd2edd04f45e58e	2026-02-28 12:48:43.879+01	23	2026-02-21 12:48:43.88+01	2026-02-21 12:48:43.88+01
44	4575d23978454558decc7ca3718046be692c8668b2964861f79692315319038b0893081bbb4e45bcc59c9730e3f62706f12e6023b6fcf23335a959ea134ac5d8	2026-02-28 14:23:48.921+01	23	2026-02-21 14:23:48.921+01	2026-02-21 14:23:48.921+01
45	d47c269daf94c27b0ab65eac2ffb62b1e82f9410bf62a34a7b87e3ec8d13e874a8ac2758b3894b778a9f41ce61b7d6a43d83fda372e3800d2b91fea2764edd09	2026-02-28 16:12:20.322+01	23	2026-02-21 16:12:20.323+01	2026-02-21 16:12:20.323+01
50	5ea091db3c6dfdea31d41a6423018a3c70ef2d1f3c9d8deeffd0859a3818773d1e296c67542fa39eaedcf73a40ccfb02a3da0e826a0a5fd61b62ba0f545a9b00	2026-03-01 06:39:29.965+01	24	2026-02-22 06:39:29.966+01	2026-02-22 06:39:29.966+01
51	3323e9fb9d702f2b1e155e07344bd58d0c5db8d5d2453b77728e6cd01a5d24479a28e9dae2e865bf7e90448e5f96b8318987f9c365bc856a454c977844c87c1d	2026-03-01 06:40:36.785+01	24	2026-02-22 06:40:36.785+01	2026-02-22 06:40:36.785+01
52	89c5cf3b847743377408f541f3c891e6c1dea74731d9dc8cd9407a7ec8c94da1881a6ac1ebff97a39b996f7082f96dd98367ca7eaf61f94f7b6762e5c87a2314	2026-03-01 06:50:10.394+01	23	2026-02-22 06:50:10.395+01	2026-02-22 06:50:10.395+01
53	87bfe625561ccbad687bbc9329ddc697e26884af0c352d7e77714e94b04792c8c4297149a72e5aa8a56735aae91e17ceb6d32f776e427d2d8c642ccc45a2e05e	2026-03-01 06:50:31.83+01	24	2026-02-22 06:50:31.83+01	2026-02-22 06:50:31.83+01
54	749eb3be8305b75f56386af47a97cf637e10aa510e30309062fc8b2251110f8b95b3580c598d48ada663437ec17b064dd798f121b0052b290d983531265126c4	2026-03-01 06:51:48.374+01	26	2026-02-22 06:51:48.374+01	2026-02-22 06:51:48.374+01
55	cda54d6d1b97dee9c16fd743b27d03a8734b8c6aa580474628e6d7ea5f5bbebd592d9b5f271625d077673d61e675fa6ffa09d0f1d2acf8e9aadf6075611228c9	2026-03-01 06:52:10.598+01	24	2026-02-22 06:52:10.598+01	2026-02-22 06:52:10.598+01
56	bfe906fb8af888e02ed6c485f489fd9035d28bfc0fd2451e557e37bb38a789b41099cf48fe7f8d8c7081b736090eaa1173093d448ca0e7d4843f1b7220bb336f	2026-03-01 06:56:41.768+01	24	2026-02-22 06:56:41.77+01	2026-02-22 06:56:41.77+01
57	878761af191a046fbc202dc87989375c6d3f47c129f3df817fd9c81b551ddab48d3c9090b8d6269c6a1e716c92b20746310d1feed123367e4ca002099103374e	2026-03-01 06:57:03.65+01	24	2026-02-22 06:57:03.65+01	2026-02-22 06:57:03.65+01
58	b234b783b3028dad9021b07e3f152ccac8d7c634d10d9746566e157d8e075e14a943ba061ccc27e1eda02d84c33784ce3eb1ccd735896cda065c1d4cb2b34241	2026-03-01 07:33:12.571+01	24	2026-02-22 07:33:12.572+01	2026-02-22 07:33:12.572+01
59	bce61ab3cf0a408234e04f02155a3e9c6115e9c3d3d8ed3214a07a8de0d0f8658db895409ecc8fef09bcc9b570b27265434d36bb3149a0764ae06552cf7b703e	2026-03-02 04:59:06.239+01	29	2026-02-23 04:59:06.24+01	2026-02-23 04:59:06.24+01
60	ebf6861253f4ae312c10b2ef829256a0f04c41e1579da300b4ef904e20b7afdce1b95df317b9e0214b91f102f82afa72bb29103c6691f014c5149f5cd1366e18	2026-03-02 04:59:23.764+01	29	2026-02-23 04:59:23.764+01	2026-02-23 04:59:23.764+01
61	c77a3ec639d78e275d5a361a6826995b38ac509a8c0ab4aa7ef63fd6f0d8eec4cfa37a05e1e5a2382b980c31507b84784f22724d9ab54876594144450fd9c598	2026-03-02 04:59:46.316+01	31	2026-02-23 04:59:46.316+01	2026-02-23 04:59:46.316+01
62	4ec641dcaf1069fb76ecb4df3acaac25052545fe6f3b2d6d440204ef03c493fe945a98c9e80f71d75defe850e1efa5ab34bdb098a79fea104c64675e025169fa	2026-03-02 04:59:58.662+01	31	2026-02-23 04:59:58.662+01	2026-02-23 04:59:58.662+01
63	8be65d5ea45cc0acaf11ef562400a6c79e94282778d49bd366e00d2c27ffed8f500826ee490de45604b0b07bfcae2a87793385c70bc2b6ecf8e9fe72ed742163	2026-03-02 05:01:16.81+01	24	2026-02-23 05:01:16.81+01	2026-02-23 05:01:16.81+01
64	35a8bd25aae1f1d5c8972b4a7df84b146f97cc00908c1ac67dfb897cf65c90dce110483ace96f4995096b3e6e22288167713ca4b1eaa99912c67c77db2f54739	2026-03-02 05:02:16.77+01	24	2026-02-23 05:02:16.77+01	2026-02-23 05:02:16.77+01
65	23811ddc9d78532e7c83c302aba28a3ca13c8d526443435cfc183316fe54a9992517acd4b6bd8990c4cdf396a4cc7340fef26502964e339102700ac3b76c88a2	2026-03-02 05:04:53.087+01	31	2026-02-23 05:04:53.087+01	2026-02-23 05:04:53.087+01
66	2cb070b59e545fb5bf1f1508dc1df2896fac23e0bf9e118f03c35c313739e785594a94551a4a63d42487c78c8212775d0ead138cb4d2c9b03d88bda8171d8c51	2026-03-02 05:07:21.076+01	31	2026-02-23 05:07:21.077+01	2026-02-23 05:07:21.077+01
67	4d2afde347ca0608ed33b6920793770b0a2f8e0ece2ba6fccdbf4051fa3dfb1188f6daf995d20b932dc9c3405d4d6e7218f79f9cda76fa2de3656bb79e340432	2026-03-02 05:13:02.15+01	24	2026-02-23 05:13:02.151+01	2026-02-23 05:13:02.151+01
68	02e6734babe92a4f6a2f728f44692d066d3a84784359fc57a74b07b81d63e97d2a6d755a2802475bb8f5bf2c0bf42ce971b6abd0f95c6906bf7523493c14213e	2026-03-02 05:38:38.151+01	24	2026-02-23 05:38:38.157+01	2026-02-23 05:38:38.157+01
69	abbca52b30be2dd07a3b616b2099d5bb0f45cdae77d96fc0c941b5b5e7acb0319fac8990c2325153254a84702c00a402afa06723ec4303228fb102389677f8e2	2026-03-02 05:38:52.428+01	24	2026-02-23 05:38:52.428+01	2026-02-23 05:38:52.428+01
70	d8ab4f0f78f68779191bcd3f3c03453e6ca62546d19b5cc506f711aaf0c52fcbb740c8109724493fb6729f0d60ae25996653b3b80b47f9ad6762ac79fec15ac1	2026-03-02 05:39:58.893+01	24	2026-02-23 05:39:58.894+01	2026-02-23 05:39:58.894+01
71	9fce40c8a092315d3e2300b0824fdf1df553456c84c71daa189376de5827c219ce00cf7ba97de1ee1278e3f0f8c8d877c30ceeb48a8c1d840992ed58da8e13c6	2026-03-02 05:40:20.079+01	24	2026-02-23 05:40:20.079+01	2026-02-23 05:40:20.079+01
72	88405d5ebba4cda45d88126e6ebfa5e8cff57ef1f6f81aed3d9b5a60e0b142ba37fab0e60d880daa33b86b6eeaea4c3dab43308a61bc0e0c747d93bc6d2fad0f	2026-03-02 05:41:30.516+01	32	2026-02-23 05:41:30.516+01	2026-02-23 05:41:30.516+01
73	b73f776a7a41c635fd2ccb4428b5edcbd355c98639f36290f1ab853091419704687c011a5f18cec4fddeeb9963aab4301e1aee8d704924192085e24f19c9dc52	2026-03-02 05:41:39.344+01	32	2026-02-23 05:41:39.344+01	2026-02-23 05:41:39.344+01
74	8600249d66b96b61e061d0905dfef105e4d7e4456433f463ee5f8f18f4820a5e785e4cbbea4cc26c39403f2a39b7859e7155809f8a9984e95aae8f3dcd513a28	2026-03-02 05:43:27.762+01	24	2026-02-23 05:43:27.762+01	2026-02-23 05:43:27.762+01
75	dea9a20f8da617ab2e09d0217c746e4bb5aa6d07811de25f04cfe075f1a58c25ab95ad0ead74e41a185e4487619c43f8d1adf3dee75971515fca56f52ded3439	2026-03-02 05:46:47.828+01	33	2026-02-23 05:46:47.828+01	2026-02-23 05:46:47.828+01
76	5fb9bbd44650f8f86421508dbbb781dd7c73fd020cf20c8d8e1c16e674f8522b0ddc6e2eecea9ea327b3eefc8f2f93808d2db75e039d1614a6dfa2f5f5a159ee	2026-03-02 05:46:55.687+01	33	2026-02-23 05:46:55.688+01	2026-02-23 05:46:55.688+01
77	d5e2e6d3638b95de99f83127af307ab3558a29466c798005e577ce13f8e3f6ad10190dd96a391d686e8ebc3305edfc473017747dc0fc9c286da5a1b08c7c0696	2026-03-02 05:47:22.776+01	34	2026-02-23 05:47:22.776+01	2026-02-23 05:47:22.776+01
78	ceefeacfe6db912af75a79847c641e2c570d125f3f1b5994df3b365be9989b4346d7022d57614c758e6ed176b7dd274e4010e6bc2ffbfc4bd4dfbb96b93c33ed	2026-03-02 05:48:59.961+01	24	2026-02-23 05:48:59.961+01	2026-02-23 05:48:59.961+01
79	b59e9ef5f406a4914e19b1e93b8a851fe6d96c87ed03523ba2261d49080125cac56e7de5c91532f0913ef281d0750f68147473a5b3ae1a7ac20ca564ee455a4e	2026-03-02 05:50:52.536+01	35	2026-02-23 05:50:52.537+01	2026-02-23 05:50:52.537+01
80	b8b11334ffc732ad0c0e642f98a20bd499da7f7bb633f4eb6dc8b91fd923cc4973c1bd4fdafee6d2cacdf3e39a37230252fa1badba1999eb3d6e03b8c3c1cf0e	2026-03-02 05:52:08.578+01	24	2026-02-23 05:52:08.578+01	2026-02-23 05:52:08.578+01
81	fa0bffc5f6d5a84b23ed0c8d60c8d52e95ad0018cc670ed357953ed278706b23485ed03e7a8cce012bdce649e2ecc4cbc164fd316a1c4d4b76009b597c14efab	2026-03-02 05:52:46.963+01	35	2026-02-23 05:52:46.964+01	2026-02-23 05:52:46.964+01
82	5e50bd39012d9f41ffb2d7832816859849e349fe8e28b90d86a4bec56e279d882f8bf08f0b28017d5bda00dd605b5f1bbd6078161a4f53667ea48c7f676076ae	2026-03-02 05:55:33.566+01	24	2026-02-23 05:55:33.567+01	2026-02-23 05:55:33.567+01
83	73c0551064b3ad71451ec086de29457c1144f6433166b80546e166e418fe043a6e33277dacb7cf121a12f01fce29c6101d8208ffaf35eec2b8baf3285c702d1b	2026-03-02 05:56:13.626+01	24	2026-02-23 05:56:13.626+01	2026-02-23 05:56:13.626+01
84	606a6b57b33239a2b3e8ea66f0d054a682afbd7bb9be64d929c5c22b1f546be25c7eb6214ae343f36e22512fc3a5cedf1495323addac74b53720642b84727cd7	2026-03-02 05:57:57.112+01	24	2026-02-23 05:57:57.113+01	2026-02-23 05:57:57.113+01
85	9da21066f9495ec00f671090707513d6505c7be7f7b5e32b02e4ed7df2043a648de11dae89720fb126c5fa4c257d138d7a770dd64255e9d2fb4f644fc7e028b3	2026-03-02 05:59:31.958+01	24	2026-02-23 05:59:31.958+01	2026-02-23 05:59:31.958+01
86	62c800cdf92a0f8d8ddadec938e1cbfebc3cbebe8bd1f769f094290254c9af973318404ac73894f86d67ac0ddc4674b37fd10dd36fd2dcd452be84939fb13f03	2026-03-02 06:00:53.758+01	24	2026-02-23 06:00:53.758+01	2026-02-23 06:00:53.758+01
87	4eb40eb6eabc989bfcf06e791ea81050e4f77c21eafc28cbd0e18d87644a3883e9b4847827d48d5a6fc83bb8981726771cdf991304152321548241620aff1b81	2026-03-02 14:46:27.231+01	24	2026-02-23 14:46:27.231+01	2026-02-23 14:46:27.231+01
88	13aae6935709e7ebe60175ec9d10fea839daabe0c629f5407e657634419e81a579e9a91b08ce7a31812c19dd83438d39e9548bdab8c546c5fa228dbf47da5f9b	2026-03-02 14:51:30.132+01	24	2026-02-23 14:51:30.133+01	2026-02-23 14:51:30.133+01
89	11b7d37a00e4ea91f17a29f9577b89d39a08e7adbd81c8646bfdbf8b2c4ce8d6bb5c8190bfaf17ea2636b2c400cf5e042534e801ca2c280360bf9b46f18d0f64	2026-03-02 19:41:43.867+01	24	2026-02-23 19:41:43.867+01	2026-02-23 19:41:43.867+01
\.


--
-- TOC entry 5936 (class 0 OID 17113)
-- Dependencies: 255
-- Data for Name: users; Type: TABLE DATA; Schema: public; Owner: postgres
--

COPY public.users (id, name, email, password, role, "isActive", "createdAt", "updatedAt", "deletedAt") FROM stdin;
1	Admin User	admin@example.com	admin123	admin	t	2026-02-14 20:01:32.773006+01	2026-02-14 20:01:32.773006+01	\N
2	Sara Ali	sara.ali@example.com	password123	user	t	2026-02-14 20:01:32.773006+01	2026-02-14 20:01:32.773006+01	\N
3	Omar Hassan	omar.hassan@example.com	password123	user	t	2026-02-14 20:01:32.773006+01	2026-02-14 20:01:32.773006+01	\N
4	Mona Youssef	mona.youssef@example.com	password123	user	f	2026-02-14 20:01:32.773006+01	2026-02-14 20:01:32.773006+01	\N
5	Yousef Karim	yousef.karim@example.com	password123	user	t	2026-02-14 20:01:32.773006+01	2026-02-14 20:01:32.773006+01	\N
6	Nour Abdel	nour.abdel@example.com	password123	user	t	2026-02-14 20:01:32.773006+01	2026-02-14 20:01:32.773006+01	\N
7	Laila Samir	laila.samir@example.com	password123	user	t	2026-02-14 20:01:32.773006+01	2026-02-14 20:01:32.773006+01	\N
8	Khaled Saad	khaled.saad@example.com	password123	user	t	2026-02-14 20:01:32.773006+01	2026-02-14 20:01:32.773006+01	\N
9	Huda Fawzi	huda.fawzi@example.com	password123	user	f	2026-02-14 20:01:32.773006+01	2026-02-14 20:01:32.773006+01	\N
10	Rami Salem	rami.salem@example.com	password123	user	t	2026-02-14 20:01:32.773006+01	2026-02-14 20:01:32.773006+01	\N
11	Heba Nasser	heba.nasser@example.com	password123	user	t	2026-02-14 20:01:32.773006+01	2026-02-14 20:01:32.773006+01	\N
15	new user 3f	mail@mail.com	$2b$10$bvet5gJ1ZHbXhVpawcFbCuXXrv5upSoa0e1O0t7VDc.DnFm7ecmGC	user	t	2026-02-14 20:27:49.345+01	2026-02-14 20:27:49.345+01	\N
16	user	user@user.com	$2b$10$6UROX1Z2bg7Cr8j8BZEqV.zrU9HaD.NJwfFDnshlPjzTHtmlCwk7y	user	t	2026-02-15 08:43:10.465+01	2026-02-15 08:43:10.465+01	\N
17	user1	user1@user.com	$2b$10$6CcQ07LanANQLvapIebz0eY9zwZfnygaMy.fgBlKjky.dOdt9bu6K	user	t	2026-02-15 08:47:09.004+01	2026-02-15 08:47:09.004+01	\N
19	user1	user2@user.com	$2b$10$PG7t3iVTZQH.eFtc4AOE2uXDnFi2OFNYpn4pjQmP0fpPTi8Wqu2S6	user	t	2026-02-15 09:45:56.237+01	2026-02-15 09:45:56.237+01	\N
31	adam	main1@mail.com	$2b$10$YR5jXTuDMpPm8GNqnCidUedytPx5qYYfQoQeb6IGCGuKH7bERTlrO	user	t	2026-02-23 04:59:46.309+01	2026-02-23 04:59:46.309+01	\N
13	updated name info	mail1@damil.com	$2b$10$dGVbIizu..b0po1NMzNKMesPD7ERwBZBjpHq5.sd.tw7IMsdxXbSi	admin	t	2026-02-14 20:13:40.946+01	2026-02-16 03:59:21.661+01	\N
20	user2	user3@user.com	$2b$10$RvEs7Y6jtBWoJ0JhHxZb0uiA4ikC6rnpG0aVaH9HBdq4PVPY/n3QO	user	t	2026-02-17 10:43:43.806+01	2026-02-17 10:43:43.806+01	\N
32	user7@user.com	user7@user.com	$2b$10$NbXtgMNrCL.dXPnanOWalutdAz.KarwpLwKGHorHph6vKcgQTF4TS	user	t	2026-02-23 05:41:30.451+01	2026-02-23 05:41:30.451+01	\N
33	Tester Admin	tester@test.com	$2b$10$ncRtCdXJAWuHnWwjk11CV.En41h8jrPqQOcXbV2b9qHIPgi372IfK	user	t	2026-02-23 05:46:47.331+01	2026-02-23 05:46:47.331+01	\N
34	Admin One	admin1@test.com	$2b$10$EUqZwOgGRk/1Gn5lDh/K/ebMGnvpo9UCmG88cD7GExR7Q0G8b6qbq	user	t	2026-02-23 05:47:22.759+01	2026-02-23 05:47:22.759+01	\N
35	New Admin	newadmin1771822251733@test.com	$2b$10$IHgUXo1b.PwkdAvU/i541Ox9S4wtJ/tN0rDK15CpjJEDe9qOlHs9C	user	t	2026-02-23 05:50:52.038+01	2026-02-23 05:50:52.038+01	\N
23	updated name info	user6@user.com	$2b$10$NM6FC9xLDkiUd1T/adhzROeeNkFcdVfLMRZ0eA/sRewNjeefndZKe	user	t	2026-02-17 10:46:41.498+01	2026-02-21 12:25:05.547+01	2026-02-22 06:51:19.889+01
24	updated user	user5@user.com	$2b$10$d0FAwQYbPP679FDn6tzkYOnzWjbRzvULauwnDFGf7x1bxtaCWtU1G	admin	t	2026-02-22 06:39:29.888+01	2026-02-22 07:32:19.221+01	\N
26	user4	user4@user.com	$2b$10$QZPG2K8oqDPBssvUq2POienWITsgupFvhwIGGJXjfAG7rdJe2bwbC	user	t	2026-02-22 06:51:48.314+01	2026-02-22 06:51:48.314+01	2026-02-22 07:34:53.24+01
29	adam	main@mail.com	$2b$10$CCHsi3.EvY8MS9c1180DjOPxDVFV2YAIu./kyzoa5Bpe1NVT64aHS	user	t	2026-02-23 04:59:06.171+01	2026-02-23 04:59:06.171+01	\N
\.


--
-- TOC entry 5956 (class 0 OID 0)
-- Dependencies: 247
-- Name: Authors_id_seq; Type: SEQUENCE SET; Schema: public; Owner: postgres
--

SELECT pg_catalog.setval('public."Authors_id_seq"', 22, true);


--
-- TOC entry 5957 (class 0 OID 0)
-- Dependencies: 249
-- Name: Books_id_seq; Type: SEQUENCE SET; Schema: public; Owner: postgres
--

SELECT pg_catalog.setval('public."Books_id_seq"', 28, true);


--
-- TOC entry 5958 (class 0 OID 0)
-- Dependencies: 251
-- Name: Genres_id_seq; Type: SEQUENCE SET; Schema: public; Owner: postgres
--

SELECT pg_catalog.setval('public."Genres_id_seq"', 14, true);


--
-- TOC entry 5959 (class 0 OID 0)
-- Dependencies: 259
-- Name: book_copies_id_seq; Type: SEQUENCE SET; Schema: public; Owner: postgres
--

SELECT pg_catalog.setval('public.book_copies_id_seq', 102, true);


--
-- TOC entry 5960 (class 0 OID 0)
-- Dependencies: 261
-- Name: loans_id_seq; Type: SEQUENCE SET; Schema: public; Owner: postgres
--

SELECT pg_catalog.setval('public.loans_id_seq', 11, true);


--
-- TOC entry 5961 (class 0 OID 0)
-- Dependencies: 256
-- Name: refresh_tokens_id_seq; Type: SEQUENCE SET; Schema: public; Owner: postgres
--

SELECT pg_catalog.setval('public.refresh_tokens_id_seq', 89, true);


--
-- TOC entry 5962 (class 0 OID 0)
-- Dependencies: 254
-- Name: users_id_seq; Type: SEQUENCE SET; Schema: public; Owner: postgres
--

SELECT pg_catalog.setval('public.users_id_seq', 35, true);


--
-- TOC entry 4944 (class 2606 OID 17062)
-- Name: Authors Authors_pkey; Type: CONSTRAINT; Schema: public; Owner: postgres
--

ALTER TABLE ONLY public."Authors"
    ADD CONSTRAINT "Authors_pkey" PRIMARY KEY (id);


--
-- TOC entry 4946 (class 2606 OID 17076)
-- Name: Books Books_pkey; Type: CONSTRAINT; Schema: public; Owner: postgres
--

ALTER TABLE ONLY public."Books"
    ADD CONSTRAINT "Books_pkey" PRIMARY KEY (id);


--
-- TOC entry 5766 (class 2606 OID 17171)
-- Name: FavoriteBooks FavoriteBooks_pkey; Type: CONSTRAINT; Schema: public; Owner: postgres
--

ALTER TABLE ONLY public."FavoriteBooks"
    ADD CONSTRAINT "FavoriteBooks_pkey" PRIMARY KEY (user_id, book_id);


--
-- TOC entry 4948 (class 2606 OID 112843)
-- Name: Genres Genres_name_key; Type: CONSTRAINT; Schema: public; Owner: postgres
--

ALTER TABLE ONLY public."Genres"
    ADD CONSTRAINT "Genres_name_key" UNIQUE (name);


--
-- TOC entry 4950 (class 2606 OID 112947)
-- Name: Genres Genres_name_key1; Type: CONSTRAINT; Schema: public; Owner: postgres
--

ALTER TABLE ONLY public."Genres"
    ADD CONSTRAINT "Genres_name_key1" UNIQUE (name);


--
-- TOC entry 4952 (class 2606 OID 112793)
-- Name: Genres Genres_name_key10; Type: CONSTRAINT; Schema: public; Owner: postgres
--

ALTER TABLE ONLY public."Genres"
    ADD CONSTRAINT "Genres_name_key10" UNIQUE (name);


--
-- TOC entry 4954 (class 2606 OID 113089)
-- Name: Genres Genres_name_key100; Type: CONSTRAINT; Schema: public; Owner: postgres
--

ALTER TABLE ONLY public."Genres"
    ADD CONSTRAINT "Genres_name_key100" UNIQUE (name);


--
-- TOC entry 4956 (class 2606 OID 113105)
-- Name: Genres Genres_name_key101; Type: CONSTRAINT; Schema: public; Owner: postgres
--

ALTER TABLE ONLY public."Genres"
    ADD CONSTRAINT "Genres_name_key101" UNIQUE (name);


--
-- TOC entry 4958 (class 2606 OID 113091)
-- Name: Genres Genres_name_key102; Type: CONSTRAINT; Schema: public; Owner: postgres
--

ALTER TABLE ONLY public."Genres"
    ADD CONSTRAINT "Genres_name_key102" UNIQUE (name);


--
-- TOC entry 4960 (class 2606 OID 113093)
-- Name: Genres Genres_name_key103; Type: CONSTRAINT; Schema: public; Owner: postgres
--

ALTER TABLE ONLY public."Genres"
    ADD CONSTRAINT "Genres_name_key103" UNIQUE (name);


--
-- TOC entry 4962 (class 2606 OID 113103)
-- Name: Genres Genres_name_key104; Type: CONSTRAINT; Schema: public; Owner: postgres
--

ALTER TABLE ONLY public."Genres"
    ADD CONSTRAINT "Genres_name_key104" UNIQUE (name);


--
-- TOC entry 4964 (class 2606 OID 113095)
-- Name: Genres Genres_name_key105; Type: CONSTRAINT; Schema: public; Owner: postgres
--

ALTER TABLE ONLY public."Genres"
    ADD CONSTRAINT "Genres_name_key105" UNIQUE (name);


--
-- TOC entry 4966 (class 2606 OID 113097)
-- Name: Genres Genres_name_key106; Type: CONSTRAINT; Schema: public; Owner: postgres
--

ALTER TABLE ONLY public."Genres"
    ADD CONSTRAINT "Genres_name_key106" UNIQUE (name);


--
-- TOC entry 4968 (class 2606 OID 113101)
-- Name: Genres Genres_name_key107; Type: CONSTRAINT; Schema: public; Owner: postgres
--

ALTER TABLE ONLY public."Genres"
    ADD CONSTRAINT "Genres_name_key107" UNIQUE (name);


--
-- TOC entry 4970 (class 2606 OID 112845)
-- Name: Genres Genres_name_key108; Type: CONSTRAINT; Schema: public; Owner: postgres
--

ALTER TABLE ONLY public."Genres"
    ADD CONSTRAINT "Genres_name_key108" UNIQUE (name);


--
-- TOC entry 4972 (class 2606 OID 112847)
-- Name: Genres Genres_name_key109; Type: CONSTRAINT; Schema: public; Owner: postgres
--

ALTER TABLE ONLY public."Genres"
    ADD CONSTRAINT "Genres_name_key109" UNIQUE (name);


--
-- TOC entry 4974 (class 2606 OID 112839)
-- Name: Genres Genres_name_key11; Type: CONSTRAINT; Schema: public; Owner: postgres
--

ALTER TABLE ONLY public."Genres"
    ADD CONSTRAINT "Genres_name_key11" UNIQUE (name);


--
-- TOC entry 4976 (class 2606 OID 112945)
-- Name: Genres Genres_name_key110; Type: CONSTRAINT; Schema: public; Owner: postgres
--

ALTER TABLE ONLY public."Genres"
    ADD CONSTRAINT "Genres_name_key110" UNIQUE (name);


--
-- TOC entry 4978 (class 2606 OID 112849)
-- Name: Genres Genres_name_key111; Type: CONSTRAINT; Schema: public; Owner: postgres
--

ALTER TABLE ONLY public."Genres"
    ADD CONSTRAINT "Genres_name_key111" UNIQUE (name);


--
-- TOC entry 4980 (class 2606 OID 112941)
-- Name: Genres Genres_name_key112; Type: CONSTRAINT; Schema: public; Owner: postgres
--

ALTER TABLE ONLY public."Genres"
    ADD CONSTRAINT "Genres_name_key112" UNIQUE (name);


--
-- TOC entry 4982 (class 2606 OID 112851)
-- Name: Genres Genres_name_key113; Type: CONSTRAINT; Schema: public; Owner: postgres
--

ALTER TABLE ONLY public."Genres"
    ADD CONSTRAINT "Genres_name_key113" UNIQUE (name);


--
-- TOC entry 4984 (class 2606 OID 112939)
-- Name: Genres Genres_name_key114; Type: CONSTRAINT; Schema: public; Owner: postgres
--

ALTER TABLE ONLY public."Genres"
    ADD CONSTRAINT "Genres_name_key114" UNIQUE (name);


--
-- TOC entry 4986 (class 2606 OID 112853)
-- Name: Genres Genres_name_key115; Type: CONSTRAINT; Schema: public; Owner: postgres
--

ALTER TABLE ONLY public."Genres"
    ADD CONSTRAINT "Genres_name_key115" UNIQUE (name);


--
-- TOC entry 4988 (class 2606 OID 112937)
-- Name: Genres Genres_name_key116; Type: CONSTRAINT; Schema: public; Owner: postgres
--

ALTER TABLE ONLY public."Genres"
    ADD CONSTRAINT "Genres_name_key116" UNIQUE (name);


--
-- TOC entry 4990 (class 2606 OID 112855)
-- Name: Genres Genres_name_key117; Type: CONSTRAINT; Schema: public; Owner: postgres
--

ALTER TABLE ONLY public."Genres"
    ADD CONSTRAINT "Genres_name_key117" UNIQUE (name);


--
-- TOC entry 4992 (class 2606 OID 112857)
-- Name: Genres Genres_name_key118; Type: CONSTRAINT; Schema: public; Owner: postgres
--

ALTER TABLE ONLY public."Genres"
    ADD CONSTRAINT "Genres_name_key118" UNIQUE (name);


--
-- TOC entry 4994 (class 2606 OID 112859)
-- Name: Genres Genres_name_key119; Type: CONSTRAINT; Schema: public; Owner: postgres
--

ALTER TABLE ONLY public."Genres"
    ADD CONSTRAINT "Genres_name_key119" UNIQUE (name);


--
-- TOC entry 4996 (class 2606 OID 112795)
-- Name: Genres Genres_name_key12; Type: CONSTRAINT; Schema: public; Owner: postgres
--

ALTER TABLE ONLY public."Genres"
    ADD CONSTRAINT "Genres_name_key12" UNIQUE (name);


--
-- TOC entry 4998 (class 2606 OID 112935)
-- Name: Genres Genres_name_key120; Type: CONSTRAINT; Schema: public; Owner: postgres
--

ALTER TABLE ONLY public."Genres"
    ADD CONSTRAINT "Genres_name_key120" UNIQUE (name);


--
-- TOC entry 5000 (class 2606 OID 112861)
-- Name: Genres Genres_name_key121; Type: CONSTRAINT; Schema: public; Owner: postgres
--

ALTER TABLE ONLY public."Genres"
    ADD CONSTRAINT "Genres_name_key121" UNIQUE (name);


--
-- TOC entry 5002 (class 2606 OID 112863)
-- Name: Genres Genres_name_key122; Type: CONSTRAINT; Schema: public; Owner: postgres
--

ALTER TABLE ONLY public."Genres"
    ADD CONSTRAINT "Genres_name_key122" UNIQUE (name);


--
-- TOC entry 5004 (class 2606 OID 112865)
-- Name: Genres Genres_name_key123; Type: CONSTRAINT; Schema: public; Owner: postgres
--

ALTER TABLE ONLY public."Genres"
    ADD CONSTRAINT "Genres_name_key123" UNIQUE (name);


--
-- TOC entry 5006 (class 2606 OID 112933)
-- Name: Genres Genres_name_key124; Type: CONSTRAINT; Schema: public; Owner: postgres
--

ALTER TABLE ONLY public."Genres"
    ADD CONSTRAINT "Genres_name_key124" UNIQUE (name);


--
-- TOC entry 5008 (class 2606 OID 112867)
-- Name: Genres Genres_name_key125; Type: CONSTRAINT; Schema: public; Owner: postgres
--

ALTER TABLE ONLY public."Genres"
    ADD CONSTRAINT "Genres_name_key125" UNIQUE (name);


--
-- TOC entry 5010 (class 2606 OID 112931)
-- Name: Genres Genres_name_key126; Type: CONSTRAINT; Schema: public; Owner: postgres
--

ALTER TABLE ONLY public."Genres"
    ADD CONSTRAINT "Genres_name_key126" UNIQUE (name);


--
-- TOC entry 5012 (class 2606 OID 112869)
-- Name: Genres Genres_name_key127; Type: CONSTRAINT; Schema: public; Owner: postgres
--

ALTER TABLE ONLY public."Genres"
    ADD CONSTRAINT "Genres_name_key127" UNIQUE (name);


--
-- TOC entry 5014 (class 2606 OID 112913)
-- Name: Genres Genres_name_key128; Type: CONSTRAINT; Schema: public; Owner: postgres
--

ALTER TABLE ONLY public."Genres"
    ADD CONSTRAINT "Genres_name_key128" UNIQUE (name);


--
-- TOC entry 5016 (class 2606 OID 112929)
-- Name: Genres Genres_name_key129; Type: CONSTRAINT; Schema: public; Owner: postgres
--

ALTER TABLE ONLY public."Genres"
    ADD CONSTRAINT "Genres_name_key129" UNIQUE (name);


--
-- TOC entry 5018 (class 2606 OID 112837)
-- Name: Genres Genres_name_key13; Type: CONSTRAINT; Schema: public; Owner: postgres
--

ALTER TABLE ONLY public."Genres"
    ADD CONSTRAINT "Genres_name_key13" UNIQUE (name);


--
-- TOC entry 5020 (class 2606 OID 112915)
-- Name: Genres Genres_name_key130; Type: CONSTRAINT; Schema: public; Owner: postgres
--

ALTER TABLE ONLY public."Genres"
    ADD CONSTRAINT "Genres_name_key130" UNIQUE (name);


--
-- TOC entry 5022 (class 2606 OID 112927)
-- Name: Genres Genres_name_key131; Type: CONSTRAINT; Schema: public; Owner: postgres
--

ALTER TABLE ONLY public."Genres"
    ADD CONSTRAINT "Genres_name_key131" UNIQUE (name);


--
-- TOC entry 5024 (class 2606 OID 112917)
-- Name: Genres Genres_name_key132; Type: CONSTRAINT; Schema: public; Owner: postgres
--

ALTER TABLE ONLY public."Genres"
    ADD CONSTRAINT "Genres_name_key132" UNIQUE (name);


--
-- TOC entry 5026 (class 2606 OID 112925)
-- Name: Genres Genres_name_key133; Type: CONSTRAINT; Schema: public; Owner: postgres
--

ALTER TABLE ONLY public."Genres"
    ADD CONSTRAINT "Genres_name_key133" UNIQUE (name);


--
-- TOC entry 5028 (class 2606 OID 112923)
-- Name: Genres Genres_name_key134; Type: CONSTRAINT; Schema: public; Owner: postgres
--

ALTER TABLE ONLY public."Genres"
    ADD CONSTRAINT "Genres_name_key134" UNIQUE (name);


--
-- TOC entry 5030 (class 2606 OID 112919)
-- Name: Genres Genres_name_key135; Type: CONSTRAINT; Schema: public; Owner: postgres
--

ALTER TABLE ONLY public."Genres"
    ADD CONSTRAINT "Genres_name_key135" UNIQUE (name);


--
-- TOC entry 5032 (class 2606 OID 112921)
-- Name: Genres Genres_name_key136; Type: CONSTRAINT; Schema: public; Owner: postgres
--

ALTER TABLE ONLY public."Genres"
    ADD CONSTRAINT "Genres_name_key136" UNIQUE (name);


--
-- TOC entry 5034 (class 2606 OID 112985)
-- Name: Genres Genres_name_key137; Type: CONSTRAINT; Schema: public; Owner: postgres
--

ALTER TABLE ONLY public."Genres"
    ADD CONSTRAINT "Genres_name_key137" UNIQUE (name);


--
-- TOC entry 5036 (class 2606 OID 112875)
-- Name: Genres Genres_name_key138; Type: CONSTRAINT; Schema: public; Owner: postgres
--

ALTER TABLE ONLY public."Genres"
    ADD CONSTRAINT "Genres_name_key138" UNIQUE (name);


--
-- TOC entry 5038 (class 2606 OID 112987)
-- Name: Genres Genres_name_key139; Type: CONSTRAINT; Schema: public; Owner: postgres
--

ALTER TABLE ONLY public."Genres"
    ADD CONSTRAINT "Genres_name_key139" UNIQUE (name);


--
-- TOC entry 5040 (class 2606 OID 112835)
-- Name: Genres Genres_name_key14; Type: CONSTRAINT; Schema: public; Owner: postgres
--

ALTER TABLE ONLY public."Genres"
    ADD CONSTRAINT "Genres_name_key14" UNIQUE (name);


--
-- TOC entry 5042 (class 2606 OID 112989)
-- Name: Genres Genres_name_key140; Type: CONSTRAINT; Schema: public; Owner: postgres
--

ALTER TABLE ONLY public."Genres"
    ADD CONSTRAINT "Genres_name_key140" UNIQUE (name);


--
-- TOC entry 5044 (class 2606 OID 112873)
-- Name: Genres Genres_name_key141; Type: CONSTRAINT; Schema: public; Owner: postgres
--

ALTER TABLE ONLY public."Genres"
    ADD CONSTRAINT "Genres_name_key141" UNIQUE (name);


--
-- TOC entry 5046 (class 2606 OID 112871)
-- Name: Genres Genres_name_key142; Type: CONSTRAINT; Schema: public; Owner: postgres
--

ALTER TABLE ONLY public."Genres"
    ADD CONSTRAINT "Genres_name_key142" UNIQUE (name);


--
-- TOC entry 5048 (class 2606 OID 113123)
-- Name: Genres Genres_name_key143; Type: CONSTRAINT; Schema: public; Owner: postgres
--

ALTER TABLE ONLY public."Genres"
    ADD CONSTRAINT "Genres_name_key143" UNIQUE (name);


--
-- TOC entry 5050 (class 2606 OID 112991)
-- Name: Genres Genres_name_key144; Type: CONSTRAINT; Schema: public; Owner: postgres
--

ALTER TABLE ONLY public."Genres"
    ADD CONSTRAINT "Genres_name_key144" UNIQUE (name);


--
-- TOC entry 5052 (class 2606 OID 112993)
-- Name: Genres Genres_name_key145; Type: CONSTRAINT; Schema: public; Owner: postgres
--

ALTER TABLE ONLY public."Genres"
    ADD CONSTRAINT "Genres_name_key145" UNIQUE (name);


--
-- TOC entry 5054 (class 2606 OID 112995)
-- Name: Genres Genres_name_key146; Type: CONSTRAINT; Schema: public; Owner: postgres
--

ALTER TABLE ONLY public."Genres"
    ADD CONSTRAINT "Genres_name_key146" UNIQUE (name);


--
-- TOC entry 5056 (class 2606 OID 113121)
-- Name: Genres Genres_name_key147; Type: CONSTRAINT; Schema: public; Owner: postgres
--

ALTER TABLE ONLY public."Genres"
    ADD CONSTRAINT "Genres_name_key147" UNIQUE (name);


--
-- TOC entry 5058 (class 2606 OID 112997)
-- Name: Genres Genres_name_key148; Type: CONSTRAINT; Schema: public; Owner: postgres
--

ALTER TABLE ONLY public."Genres"
    ADD CONSTRAINT "Genres_name_key148" UNIQUE (name);


--
-- TOC entry 5060 (class 2606 OID 112999)
-- Name: Genres Genres_name_key149; Type: CONSTRAINT; Schema: public; Owner: postgres
--

ALTER TABLE ONLY public."Genres"
    ADD CONSTRAINT "Genres_name_key149" UNIQUE (name);


--
-- TOC entry 5062 (class 2606 OID 112797)
-- Name: Genres Genres_name_key15; Type: CONSTRAINT; Schema: public; Owner: postgres
--

ALTER TABLE ONLY public."Genres"
    ADD CONSTRAINT "Genres_name_key15" UNIQUE (name);


--
-- TOC entry 5064 (class 2606 OID 113033)
-- Name: Genres Genres_name_key150; Type: CONSTRAINT; Schema: public; Owner: postgres
--

ALTER TABLE ONLY public."Genres"
    ADD CONSTRAINT "Genres_name_key150" UNIQUE (name);


--
-- TOC entry 5066 (class 2606 OID 113099)
-- Name: Genres Genres_name_key151; Type: CONSTRAINT; Schema: public; Owner: postgres
--

ALTER TABLE ONLY public."Genres"
    ADD CONSTRAINT "Genres_name_key151" UNIQUE (name);


--
-- TOC entry 5068 (class 2606 OID 113037)
-- Name: Genres Genres_name_key152; Type: CONSTRAINT; Schema: public; Owner: postgres
--

ALTER TABLE ONLY public."Genres"
    ADD CONSTRAINT "Genres_name_key152" UNIQUE (name);


--
-- TOC entry 5070 (class 2606 OID 113001)
-- Name: Genres Genres_name_key153; Type: CONSTRAINT; Schema: public; Owner: postgres
--

ALTER TABLE ONLY public."Genres"
    ADD CONSTRAINT "Genres_name_key153" UNIQUE (name);


--
-- TOC entry 5072 (class 2606 OID 113003)
-- Name: Genres Genres_name_key154; Type: CONSTRAINT; Schema: public; Owner: postgres
--

ALTER TABLE ONLY public."Genres"
    ADD CONSTRAINT "Genres_name_key154" UNIQUE (name);


--
-- TOC entry 5074 (class 2606 OID 113005)
-- Name: Genres Genres_name_key155; Type: CONSTRAINT; Schema: public; Owner: postgres
--

ALTER TABLE ONLY public."Genres"
    ADD CONSTRAINT "Genres_name_key155" UNIQUE (name);


--
-- TOC entry 5076 (class 2606 OID 113007)
-- Name: Genres Genres_name_key156; Type: CONSTRAINT; Schema: public; Owner: postgres
--

ALTER TABLE ONLY public."Genres"
    ADD CONSTRAINT "Genres_name_key156" UNIQUE (name);


--
-- TOC entry 5078 (class 2606 OID 113009)
-- Name: Genres Genres_name_key157; Type: CONSTRAINT; Schema: public; Owner: postgres
--

ALTER TABLE ONLY public."Genres"
    ADD CONSTRAINT "Genres_name_key157" UNIQUE (name);


--
-- TOC entry 5080 (class 2606 OID 113025)
-- Name: Genres Genres_name_key158; Type: CONSTRAINT; Schema: public; Owner: postgres
--

ALTER TABLE ONLY public."Genres"
    ADD CONSTRAINT "Genres_name_key158" UNIQUE (name);


--
-- TOC entry 5082 (class 2606 OID 113011)
-- Name: Genres Genres_name_key159; Type: CONSTRAINT; Schema: public; Owner: postgres
--

ALTER TABLE ONLY public."Genres"
    ADD CONSTRAINT "Genres_name_key159" UNIQUE (name);


--
-- TOC entry 5084 (class 2606 OID 112809)
-- Name: Genres Genres_name_key16; Type: CONSTRAINT; Schema: public; Owner: postgres
--

ALTER TABLE ONLY public."Genres"
    ADD CONSTRAINT "Genres_name_key16" UNIQUE (name);


--
-- TOC entry 5086 (class 2606 OID 113013)
-- Name: Genres Genres_name_key160; Type: CONSTRAINT; Schema: public; Owner: postgres
--

ALTER TABLE ONLY public."Genres"
    ADD CONSTRAINT "Genres_name_key160" UNIQUE (name);


--
-- TOC entry 5088 (class 2606 OID 113015)
-- Name: Genres Genres_name_key161; Type: CONSTRAINT; Schema: public; Owner: postgres
--

ALTER TABLE ONLY public."Genres"
    ADD CONSTRAINT "Genres_name_key161" UNIQUE (name);


--
-- TOC entry 5090 (class 2606 OID 113023)
-- Name: Genres Genres_name_key162; Type: CONSTRAINT; Schema: public; Owner: postgres
--

ALTER TABLE ONLY public."Genres"
    ADD CONSTRAINT "Genres_name_key162" UNIQUE (name);


--
-- TOC entry 5092 (class 2606 OID 113017)
-- Name: Genres Genres_name_key163; Type: CONSTRAINT; Schema: public; Owner: postgres
--

ALTER TABLE ONLY public."Genres"
    ADD CONSTRAINT "Genres_name_key163" UNIQUE (name);


--
-- TOC entry 5094 (class 2606 OID 113019)
-- Name: Genres Genres_name_key164; Type: CONSTRAINT; Schema: public; Owner: postgres
--

ALTER TABLE ONLY public."Genres"
    ADD CONSTRAINT "Genres_name_key164" UNIQUE (name);


--
-- TOC entry 5096 (class 2606 OID 113021)
-- Name: Genres Genres_name_key165; Type: CONSTRAINT; Schema: public; Owner: postgres
--

ALTER TABLE ONLY public."Genres"
    ADD CONSTRAINT "Genres_name_key165" UNIQUE (name);


--
-- TOC entry 5098 (class 2606 OID 113131)
-- Name: Genres Genres_name_key166; Type: CONSTRAINT; Schema: public; Owner: postgres
--

ALTER TABLE ONLY public."Genres"
    ADD CONSTRAINT "Genres_name_key166" UNIQUE (name);


--
-- TOC entry 5100 (class 2606 OID 113133)
-- Name: Genres Genres_name_key167; Type: CONSTRAINT; Schema: public; Owner: postgres
--

ALTER TABLE ONLY public."Genres"
    ADD CONSTRAINT "Genres_name_key167" UNIQUE (name);


--
-- TOC entry 5102 (class 2606 OID 113135)
-- Name: Genres Genres_name_key168; Type: CONSTRAINT; Schema: public; Owner: postgres
--

ALTER TABLE ONLY public."Genres"
    ADD CONSTRAINT "Genres_name_key168" UNIQUE (name);


--
-- TOC entry 5104 (class 2606 OID 113041)
-- Name: Genres Genres_name_key169; Type: CONSTRAINT; Schema: public; Owner: postgres
--

ALTER TABLE ONLY public."Genres"
    ADD CONSTRAINT "Genres_name_key169" UNIQUE (name);


--
-- TOC entry 5106 (class 2606 OID 112799)
-- Name: Genres Genres_name_key17; Type: CONSTRAINT; Schema: public; Owner: postgres
--

ALTER TABLE ONLY public."Genres"
    ADD CONSTRAINT "Genres_name_key17" UNIQUE (name);


--
-- TOC entry 5108 (class 2606 OID 113137)
-- Name: Genres Genres_name_key170; Type: CONSTRAINT; Schema: public; Owner: postgres
--

ALTER TABLE ONLY public."Genres"
    ADD CONSTRAINT "Genres_name_key170" UNIQUE (name);


--
-- TOC entry 5110 (class 2606 OID 113139)
-- Name: Genres Genres_name_key171; Type: CONSTRAINT; Schema: public; Owner: postgres
--

ALTER TABLE ONLY public."Genres"
    ADD CONSTRAINT "Genres_name_key171" UNIQUE (name);


--
-- TOC entry 5112 (class 2606 OID 113039)
-- Name: Genres Genres_name_key172; Type: CONSTRAINT; Schema: public; Owner: postgres
--

ALTER TABLE ONLY public."Genres"
    ADD CONSTRAINT "Genres_name_key172" UNIQUE (name);


--
-- TOC entry 5114 (class 2606 OID 113141)
-- Name: Genres Genres_name_key173; Type: CONSTRAINT; Schema: public; Owner: postgres
--

ALTER TABLE ONLY public."Genres"
    ADD CONSTRAINT "Genres_name_key173" UNIQUE (name);


--
-- TOC entry 5116 (class 2606 OID 113143)
-- Name: Genres Genres_name_key174; Type: CONSTRAINT; Schema: public; Owner: postgres
--

ALTER TABLE ONLY public."Genres"
    ADD CONSTRAINT "Genres_name_key174" UNIQUE (name);


--
-- TOC entry 5118 (class 2606 OID 113145)
-- Name: Genres Genres_name_key175; Type: CONSTRAINT; Schema: public; Owner: postgres
--

ALTER TABLE ONLY public."Genres"
    ADD CONSTRAINT "Genres_name_key175" UNIQUE (name);


--
-- TOC entry 5120 (class 2606 OID 113147)
-- Name: Genres Genres_name_key176; Type: CONSTRAINT; Schema: public; Owner: postgres
--

ALTER TABLE ONLY public."Genres"
    ADD CONSTRAINT "Genres_name_key176" UNIQUE (name);


--
-- TOC entry 5122 (class 2606 OID 112903)
-- Name: Genres Genres_name_key177; Type: CONSTRAINT; Schema: public; Owner: postgres
--

ALTER TABLE ONLY public."Genres"
    ADD CONSTRAINT "Genres_name_key177" UNIQUE (name);


--
-- TOC entry 5124 (class 2606 OID 113149)
-- Name: Genres Genres_name_key178; Type: CONSTRAINT; Schema: public; Owner: postgres
--

ALTER TABLE ONLY public."Genres"
    ADD CONSTRAINT "Genres_name_key178" UNIQUE (name);


--
-- TOC entry 5126 (class 2606 OID 113151)
-- Name: Genres Genres_name_key179; Type: CONSTRAINT; Schema: public; Owner: postgres
--

ALTER TABLE ONLY public."Genres"
    ADD CONSTRAINT "Genres_name_key179" UNIQUE (name);


--
-- TOC entry 5128 (class 2606 OID 112801)
-- Name: Genres Genres_name_key18; Type: CONSTRAINT; Schema: public; Owner: postgres
--

ALTER TABLE ONLY public."Genres"
    ADD CONSTRAINT "Genres_name_key18" UNIQUE (name);


--
-- TOC entry 5130 (class 2606 OID 113153)
-- Name: Genres Genres_name_key180; Type: CONSTRAINT; Schema: public; Owner: postgres
--

ALTER TABLE ONLY public."Genres"
    ADD CONSTRAINT "Genres_name_key180" UNIQUE (name);


--
-- TOC entry 5132 (class 2606 OID 113155)
-- Name: Genres Genres_name_key181; Type: CONSTRAINT; Schema: public; Owner: postgres
--

ALTER TABLE ONLY public."Genres"
    ADD CONSTRAINT "Genres_name_key181" UNIQUE (name);


--
-- TOC entry 5134 (class 2606 OID 112901)
-- Name: Genres Genres_name_key182; Type: CONSTRAINT; Schema: public; Owner: postgres
--

ALTER TABLE ONLY public."Genres"
    ADD CONSTRAINT "Genres_name_key182" UNIQUE (name);


--
-- TOC entry 5136 (class 2606 OID 113157)
-- Name: Genres Genres_name_key183; Type: CONSTRAINT; Schema: public; Owner: postgres
--

ALTER TABLE ONLY public."Genres"
    ADD CONSTRAINT "Genres_name_key183" UNIQUE (name);


--
-- TOC entry 5138 (class 2606 OID 113159)
-- Name: Genres Genres_name_key184; Type: CONSTRAINT; Schema: public; Owner: postgres
--

ALTER TABLE ONLY public."Genres"
    ADD CONSTRAINT "Genres_name_key184" UNIQUE (name);


--
-- TOC entry 5140 (class 2606 OID 112787)
-- Name: Genres Genres_name_key185; Type: CONSTRAINT; Schema: public; Owner: postgres
--

ALTER TABLE ONLY public."Genres"
    ADD CONSTRAINT "Genres_name_key185" UNIQUE (name);


--
-- TOC entry 5142 (class 2606 OID 112785)
-- Name: Genres Genres_name_key186; Type: CONSTRAINT; Schema: public; Owner: postgres
--

ALTER TABLE ONLY public."Genres"
    ADD CONSTRAINT "Genres_name_key186" UNIQUE (name);


--
-- TOC entry 5144 (class 2606 OID 113161)
-- Name: Genres Genres_name_key187; Type: CONSTRAINT; Schema: public; Owner: postgres
--

ALTER TABLE ONLY public."Genres"
    ADD CONSTRAINT "Genres_name_key187" UNIQUE (name);


--
-- TOC entry 5146 (class 2606 OID 112767)
-- Name: Genres Genres_name_key188; Type: CONSTRAINT; Schema: public; Owner: postgres
--

ALTER TABLE ONLY public."Genres"
    ADD CONSTRAINT "Genres_name_key188" UNIQUE (name);


--
-- TOC entry 5148 (class 2606 OID 112783)
-- Name: Genres Genres_name_key189; Type: CONSTRAINT; Schema: public; Owner: postgres
--

ALTER TABLE ONLY public."Genres"
    ADD CONSTRAINT "Genres_name_key189" UNIQUE (name);


--
-- TOC entry 5150 (class 2606 OID 112911)
-- Name: Genres Genres_name_key19; Type: CONSTRAINT; Schema: public; Owner: postgres
--

ALTER TABLE ONLY public."Genres"
    ADD CONSTRAINT "Genres_name_key19" UNIQUE (name);


--
-- TOC entry 5152 (class 2606 OID 112769)
-- Name: Genres Genres_name_key190; Type: CONSTRAINT; Schema: public; Owner: postgres
--

ALTER TABLE ONLY public."Genres"
    ADD CONSTRAINT "Genres_name_key190" UNIQUE (name);


--
-- TOC entry 5154 (class 2606 OID 112771)
-- Name: Genres Genres_name_key191; Type: CONSTRAINT; Schema: public; Owner: postgres
--

ALTER TABLE ONLY public."Genres"
    ADD CONSTRAINT "Genres_name_key191" UNIQUE (name);


--
-- TOC entry 5156 (class 2606 OID 112781)
-- Name: Genres Genres_name_key192; Type: CONSTRAINT; Schema: public; Owner: postgres
--

ALTER TABLE ONLY public."Genres"
    ADD CONSTRAINT "Genres_name_key192" UNIQUE (name);


--
-- TOC entry 5158 (class 2606 OID 113163)
-- Name: Genres Genres_name_key193; Type: CONSTRAINT; Schema: public; Owner: postgres
--

ALTER TABLE ONLY public."Genres"
    ADD CONSTRAINT "Genres_name_key193" UNIQUE (name);


--
-- TOC entry 5160 (class 2606 OID 112779)
-- Name: Genres Genres_name_key194; Type: CONSTRAINT; Schema: public; Owner: postgres
--

ALTER TABLE ONLY public."Genres"
    ADD CONSTRAINT "Genres_name_key194" UNIQUE (name);


--
-- TOC entry 5162 (class 2606 OID 113165)
-- Name: Genres Genres_name_key195; Type: CONSTRAINT; Schema: public; Owner: postgres
--

ALTER TABLE ONLY public."Genres"
    ADD CONSTRAINT "Genres_name_key195" UNIQUE (name);


--
-- TOC entry 5164 (class 2606 OID 112777)
-- Name: Genres Genres_name_key196; Type: CONSTRAINT; Schema: public; Owner: postgres
--

ALTER TABLE ONLY public."Genres"
    ADD CONSTRAINT "Genres_name_key196" UNIQUE (name);


--
-- TOC entry 5166 (class 2606 OID 113167)
-- Name: Genres Genres_name_key197; Type: CONSTRAINT; Schema: public; Owner: postgres
--

ALTER TABLE ONLY public."Genres"
    ADD CONSTRAINT "Genres_name_key197" UNIQUE (name);


--
-- TOC entry 5168 (class 2606 OID 113169)
-- Name: Genres Genres_name_key198; Type: CONSTRAINT; Schema: public; Owner: postgres
--

ALTER TABLE ONLY public."Genres"
    ADD CONSTRAINT "Genres_name_key198" UNIQUE (name);


--
-- TOC entry 5170 (class 2606 OID 113171)
-- Name: Genres Genres_name_key199; Type: CONSTRAINT; Schema: public; Owner: postgres
--

ALTER TABLE ONLY public."Genres"
    ADD CONSTRAINT "Genres_name_key199" UNIQUE (name);


--
-- TOC entry 5172 (class 2606 OID 112949)
-- Name: Genres Genres_name_key2; Type: CONSTRAINT; Schema: public; Owner: postgres
--

ALTER TABLE ONLY public."Genres"
    ADD CONSTRAINT "Genres_name_key2" UNIQUE (name);


--
-- TOC entry 5174 (class 2606 OID 113111)
-- Name: Genres Genres_name_key20; Type: CONSTRAINT; Schema: public; Owner: postgres
--

ALTER TABLE ONLY public."Genres"
    ADD CONSTRAINT "Genres_name_key20" UNIQUE (name);


--
-- TOC entry 5176 (class 2606 OID 112775)
-- Name: Genres Genres_name_key200; Type: CONSTRAINT; Schema: public; Owner: postgres
--

ALTER TABLE ONLY public."Genres"
    ADD CONSTRAINT "Genres_name_key200" UNIQUE (name);


--
-- TOC entry 5178 (class 2606 OID 112773)
-- Name: Genres Genres_name_key201; Type: CONSTRAINT; Schema: public; Owner: postgres
--

ALTER TABLE ONLY public."Genres"
    ADD CONSTRAINT "Genres_name_key201" UNIQUE (name);


--
-- TOC entry 5180 (class 2606 OID 112943)
-- Name: Genres Genres_name_key202; Type: CONSTRAINT; Schema: public; Owner: postgres
--

ALTER TABLE ONLY public."Genres"
    ADD CONSTRAINT "Genres_name_key202" UNIQUE (name);


--
-- TOC entry 5182 (class 2606 OID 112765)
-- Name: Genres Genres_name_key203; Type: CONSTRAINT; Schema: public; Owner: postgres
--

ALTER TABLE ONLY public."Genres"
    ADD CONSTRAINT "Genres_name_key203" UNIQUE (name);


--
-- TOC entry 5184 (class 2606 OID 112975)
-- Name: Genres Genres_name_key21; Type: CONSTRAINT; Schema: public; Owner: postgres
--

ALTER TABLE ONLY public."Genres"
    ADD CONSTRAINT "Genres_name_key21" UNIQUE (name);


--
-- TOC entry 5186 (class 2606 OID 112807)
-- Name: Genres Genres_name_key22; Type: CONSTRAINT; Schema: public; Owner: postgres
--

ALTER TABLE ONLY public."Genres"
    ADD CONSTRAINT "Genres_name_key22" UNIQUE (name);


--
-- TOC entry 5188 (class 2606 OID 112803)
-- Name: Genres Genres_name_key23; Type: CONSTRAINT; Schema: public; Owner: postgres
--

ALTER TABLE ONLY public."Genres"
    ADD CONSTRAINT "Genres_name_key23" UNIQUE (name);


--
-- TOC entry 5190 (class 2606 OID 112805)
-- Name: Genres Genres_name_key24; Type: CONSTRAINT; Schema: public; Owner: postgres
--

ALTER TABLE ONLY public."Genres"
    ADD CONSTRAINT "Genres_name_key24" UNIQUE (name);


--
-- TOC entry 5192 (class 2606 OID 112973)
-- Name: Genres Genres_name_key25; Type: CONSTRAINT; Schema: public; Owner: postgres
--

ALTER TABLE ONLY public."Genres"
    ADD CONSTRAINT "Genres_name_key25" UNIQUE (name);


--
-- TOC entry 5194 (class 2606 OID 113113)
-- Name: Genres Genres_name_key26; Type: CONSTRAINT; Schema: public; Owner: postgres
--

ALTER TABLE ONLY public."Genres"
    ADD CONSTRAINT "Genres_name_key26" UNIQUE (name);


--
-- TOC entry 5196 (class 2606 OID 112971)
-- Name: Genres Genres_name_key27; Type: CONSTRAINT; Schema: public; Owner: postgres
--

ALTER TABLE ONLY public."Genres"
    ADD CONSTRAINT "Genres_name_key27" UNIQUE (name);


--
-- TOC entry 5198 (class 2606 OID 113115)
-- Name: Genres Genres_name_key28; Type: CONSTRAINT; Schema: public; Owner: postgres
--

ALTER TABLE ONLY public."Genres"
    ADD CONSTRAINT "Genres_name_key28" UNIQUE (name);


--
-- TOC entry 5200 (class 2606 OID 112977)
-- Name: Genres Genres_name_key29; Type: CONSTRAINT; Schema: public; Owner: postgres
--

ALTER TABLE ONLY public."Genres"
    ADD CONSTRAINT "Genres_name_key29" UNIQUE (name);


--
-- TOC entry 5202 (class 2606 OID 113107)
-- Name: Genres Genres_name_key3; Type: CONSTRAINT; Schema: public; Owner: postgres
--

ALTER TABLE ONLY public."Genres"
    ADD CONSTRAINT "Genres_name_key3" UNIQUE (name);


--
-- TOC entry 5204 (class 2606 OID 112969)
-- Name: Genres Genres_name_key30; Type: CONSTRAINT; Schema: public; Owner: postgres
--

ALTER TABLE ONLY public."Genres"
    ADD CONSTRAINT "Genres_name_key30" UNIQUE (name);


--
-- TOC entry 5206 (class 2606 OID 112833)
-- Name: Genres Genres_name_key31; Type: CONSTRAINT; Schema: public; Owner: postgres
--

ALTER TABLE ONLY public."Genres"
    ADD CONSTRAINT "Genres_name_key31" UNIQUE (name);


--
-- TOC entry 5208 (class 2606 OID 112967)
-- Name: Genres Genres_name_key32; Type: CONSTRAINT; Schema: public; Owner: postgres
--

ALTER TABLE ONLY public."Genres"
    ADD CONSTRAINT "Genres_name_key32" UNIQUE (name);


--
-- TOC entry 5210 (class 2606 OID 112965)
-- Name: Genres Genres_name_key33; Type: CONSTRAINT; Schema: public; Owner: postgres
--

ALTER TABLE ONLY public."Genres"
    ADD CONSTRAINT "Genres_name_key33" UNIQUE (name);


--
-- TOC entry 5212 (class 2606 OID 113117)
-- Name: Genres Genres_name_key34; Type: CONSTRAINT; Schema: public; Owner: postgres
--

ALTER TABLE ONLY public."Genres"
    ADD CONSTRAINT "Genres_name_key34" UNIQUE (name);


--
-- TOC entry 5214 (class 2606 OID 112819)
-- Name: Genres Genres_name_key35; Type: CONSTRAINT; Schema: public; Owner: postgres
--

ALTER TABLE ONLY public."Genres"
    ADD CONSTRAINT "Genres_name_key35" UNIQUE (name);


--
-- TOC entry 5216 (class 2606 OID 113119)
-- Name: Genres Genres_name_key36; Type: CONSTRAINT; Schema: public; Owner: postgres
--

ALTER TABLE ONLY public."Genres"
    ADD CONSTRAINT "Genres_name_key36" UNIQUE (name);


--
-- TOC entry 5218 (class 2606 OID 113031)
-- Name: Genres Genres_name_key37; Type: CONSTRAINT; Schema: public; Owner: postgres
--

ALTER TABLE ONLY public."Genres"
    ADD CONSTRAINT "Genres_name_key37" UNIQUE (name);


--
-- TOC entry 5220 (class 2606 OID 112817)
-- Name: Genres Genres_name_key38; Type: CONSTRAINT; Schema: public; Owner: postgres
--

ALTER TABLE ONLY public."Genres"
    ADD CONSTRAINT "Genres_name_key38" UNIQUE (name);


--
-- TOC entry 5222 (class 2606 OID 112889)
-- Name: Genres Genres_name_key39; Type: CONSTRAINT; Schema: public; Owner: postgres
--

ALTER TABLE ONLY public."Genres"
    ADD CONSTRAINT "Genres_name_key39" UNIQUE (name);


--
-- TOC entry 5224 (class 2606 OID 113109)
-- Name: Genres Genres_name_key4; Type: CONSTRAINT; Schema: public; Owner: postgres
--

ALTER TABLE ONLY public."Genres"
    ADD CONSTRAINT "Genres_name_key4" UNIQUE (name);


--
-- TOC entry 5226 (class 2606 OID 112891)
-- Name: Genres Genres_name_key40; Type: CONSTRAINT; Schema: public; Owner: postgres
--

ALTER TABLE ONLY public."Genres"
    ADD CONSTRAINT "Genres_name_key40" UNIQUE (name);


--
-- TOC entry 5228 (class 2606 OID 112815)
-- Name: Genres Genres_name_key41; Type: CONSTRAINT; Schema: public; Owner: postgres
--

ALTER TABLE ONLY public."Genres"
    ADD CONSTRAINT "Genres_name_key41" UNIQUE (name);


--
-- TOC entry 5230 (class 2606 OID 112893)
-- Name: Genres Genres_name_key42; Type: CONSTRAINT; Schema: public; Owner: postgres
--

ALTER TABLE ONLY public."Genres"
    ADD CONSTRAINT "Genres_name_key42" UNIQUE (name);


--
-- TOC entry 5232 (class 2606 OID 112813)
-- Name: Genres Genres_name_key43; Type: CONSTRAINT; Schema: public; Owner: postgres
--

ALTER TABLE ONLY public."Genres"
    ADD CONSTRAINT "Genres_name_key43" UNIQUE (name);


--
-- TOC entry 5234 (class 2606 OID 112895)
-- Name: Genres Genres_name_key44; Type: CONSTRAINT; Schema: public; Owner: postgres
--

ALTER TABLE ONLY public."Genres"
    ADD CONSTRAINT "Genres_name_key44" UNIQUE (name);


--
-- TOC entry 5236 (class 2606 OID 112811)
-- Name: Genres Genres_name_key45; Type: CONSTRAINT; Schema: public; Owner: postgres
--

ALTER TABLE ONLY public."Genres"
    ADD CONSTRAINT "Genres_name_key45" UNIQUE (name);


--
-- TOC entry 5238 (class 2606 OID 112897)
-- Name: Genres Genres_name_key46; Type: CONSTRAINT; Schema: public; Owner: postgres
--

ALTER TABLE ONLY public."Genres"
    ADD CONSTRAINT "Genres_name_key46" UNIQUE (name);


--
-- TOC entry 5240 (class 2606 OID 112899)
-- Name: Genres Genres_name_key47; Type: CONSTRAINT; Schema: public; Owner: postgres
--

ALTER TABLE ONLY public."Genres"
    ADD CONSTRAINT "Genres_name_key47" UNIQUE (name);


--
-- TOC entry 5242 (class 2606 OID 113129)
-- Name: Genres Genres_name_key48; Type: CONSTRAINT; Schema: public; Owner: postgres
--

ALTER TABLE ONLY public."Genres"
    ADD CONSTRAINT "Genres_name_key48" UNIQUE (name);


--
-- TOC entry 5244 (class 2606 OID 113043)
-- Name: Genres Genres_name_key49; Type: CONSTRAINT; Schema: public; Owner: postgres
--

ALTER TABLE ONLY public."Genres"
    ADD CONSTRAINT "Genres_name_key49" UNIQUE (name);


--
-- TOC entry 5246 (class 2606 OID 113125)
-- Name: Genres Genres_name_key5; Type: CONSTRAINT; Schema: public; Owner: postgres
--

ALTER TABLE ONLY public."Genres"
    ADD CONSTRAINT "Genres_name_key5" UNIQUE (name);


--
-- TOC entry 5248 (class 2606 OID 113045)
-- Name: Genres Genres_name_key50; Type: CONSTRAINT; Schema: public; Owner: postgres
--

ALTER TABLE ONLY public."Genres"
    ADD CONSTRAINT "Genres_name_key50" UNIQUE (name);


--
-- TOC entry 5250 (class 2606 OID 113047)
-- Name: Genres Genres_name_key51; Type: CONSTRAINT; Schema: public; Owner: postgres
--

ALTER TABLE ONLY public."Genres"
    ADD CONSTRAINT "Genres_name_key51" UNIQUE (name);


--
-- TOC entry 5252 (class 2606 OID 113049)
-- Name: Genres Genres_name_key52; Type: CONSTRAINT; Schema: public; Owner: postgres
--

ALTER TABLE ONLY public."Genres"
    ADD CONSTRAINT "Genres_name_key52" UNIQUE (name);


--
-- TOC entry 5254 (class 2606 OID 112963)
-- Name: Genres Genres_name_key53; Type: CONSTRAINT; Schema: public; Owner: postgres
--

ALTER TABLE ONLY public."Genres"
    ADD CONSTRAINT "Genres_name_key53" UNIQUE (name);


--
-- TOC entry 5256 (class 2606 OID 113051)
-- Name: Genres Genres_name_key54; Type: CONSTRAINT; Schema: public; Owner: postgres
--

ALTER TABLE ONLY public."Genres"
    ADD CONSTRAINT "Genres_name_key54" UNIQUE (name);


--
-- TOC entry 5258 (class 2606 OID 112951)
-- Name: Genres Genres_name_key55; Type: CONSTRAINT; Schema: public; Owner: postgres
--

ALTER TABLE ONLY public."Genres"
    ADD CONSTRAINT "Genres_name_key55" UNIQUE (name);


--
-- TOC entry 5260 (class 2606 OID 112961)
-- Name: Genres Genres_name_key56; Type: CONSTRAINT; Schema: public; Owner: postgres
--

ALTER TABLE ONLY public."Genres"
    ADD CONSTRAINT "Genres_name_key56" UNIQUE (name);


--
-- TOC entry 5262 (class 2606 OID 112953)
-- Name: Genres Genres_name_key57; Type: CONSTRAINT; Schema: public; Owner: postgres
--

ALTER TABLE ONLY public."Genres"
    ADD CONSTRAINT "Genres_name_key57" UNIQUE (name);


--
-- TOC entry 5264 (class 2606 OID 112955)
-- Name: Genres Genres_name_key58; Type: CONSTRAINT; Schema: public; Owner: postgres
--

ALTER TABLE ONLY public."Genres"
    ADD CONSTRAINT "Genres_name_key58" UNIQUE (name);


--
-- TOC entry 5266 (class 2606 OID 112959)
-- Name: Genres Genres_name_key59; Type: CONSTRAINT; Schema: public; Owner: postgres
--

ALTER TABLE ONLY public."Genres"
    ADD CONSTRAINT "Genres_name_key59" UNIQUE (name);


--
-- TOC entry 5268 (class 2606 OID 113127)
-- Name: Genres Genres_name_key6; Type: CONSTRAINT; Schema: public; Owner: postgres
--

ALTER TABLE ONLY public."Genres"
    ADD CONSTRAINT "Genres_name_key6" UNIQUE (name);


--
-- TOC entry 5270 (class 2606 OID 112957)
-- Name: Genres Genres_name_key60; Type: CONSTRAINT; Schema: public; Owner: postgres
--

ALTER TABLE ONLY public."Genres"
    ADD CONSTRAINT "Genres_name_key60" UNIQUE (name);


--
-- TOC entry 5272 (class 2606 OID 112979)
-- Name: Genres Genres_name_key61; Type: CONSTRAINT; Schema: public; Owner: postgres
--

ALTER TABLE ONLY public."Genres"
    ADD CONSTRAINT "Genres_name_key61" UNIQUE (name);


--
-- TOC entry 5274 (class 2606 OID 112981)
-- Name: Genres Genres_name_key62; Type: CONSTRAINT; Schema: public; Owner: postgres
--

ALTER TABLE ONLY public."Genres"
    ADD CONSTRAINT "Genres_name_key62" UNIQUE (name);


--
-- TOC entry 5276 (class 2606 OID 112983)
-- Name: Genres Genres_name_key63; Type: CONSTRAINT; Schema: public; Owner: postgres
--

ALTER TABLE ONLY public."Genres"
    ADD CONSTRAINT "Genres_name_key63" UNIQUE (name);


--
-- TOC entry 5278 (class 2606 OID 112877)
-- Name: Genres Genres_name_key64; Type: CONSTRAINT; Schema: public; Owner: postgres
--

ALTER TABLE ONLY public."Genres"
    ADD CONSTRAINT "Genres_name_key64" UNIQUE (name);


--
-- TOC entry 5280 (class 2606 OID 112879)
-- Name: Genres Genres_name_key65; Type: CONSTRAINT; Schema: public; Owner: postgres
--

ALTER TABLE ONLY public."Genres"
    ADD CONSTRAINT "Genres_name_key65" UNIQUE (name);


--
-- TOC entry 5282 (class 2606 OID 112831)
-- Name: Genres Genres_name_key66; Type: CONSTRAINT; Schema: public; Owner: postgres
--

ALTER TABLE ONLY public."Genres"
    ADD CONSTRAINT "Genres_name_key66" UNIQUE (name);


--
-- TOC entry 5284 (class 2606 OID 112881)
-- Name: Genres Genres_name_key67; Type: CONSTRAINT; Schema: public; Owner: postgres
--

ALTER TABLE ONLY public."Genres"
    ADD CONSTRAINT "Genres_name_key67" UNIQUE (name);


--
-- TOC entry 5286 (class 2606 OID 112883)
-- Name: Genres Genres_name_key68; Type: CONSTRAINT; Schema: public; Owner: postgres
--

ALTER TABLE ONLY public."Genres"
    ADD CONSTRAINT "Genres_name_key68" UNIQUE (name);


--
-- TOC entry 5288 (class 2606 OID 112885)
-- Name: Genres Genres_name_key69; Type: CONSTRAINT; Schema: public; Owner: postgres
--

ALTER TABLE ONLY public."Genres"
    ADD CONSTRAINT "Genres_name_key69" UNIQUE (name);


--
-- TOC entry 5290 (class 2606 OID 112789)
-- Name: Genres Genres_name_key7; Type: CONSTRAINT; Schema: public; Owner: postgres
--

ALTER TABLE ONLY public."Genres"
    ADD CONSTRAINT "Genres_name_key7" UNIQUE (name);


--
-- TOC entry 5292 (class 2606 OID 112887)
-- Name: Genres Genres_name_key70; Type: CONSTRAINT; Schema: public; Owner: postgres
--

ALTER TABLE ONLY public."Genres"
    ADD CONSTRAINT "Genres_name_key70" UNIQUE (name);


--
-- TOC entry 5294 (class 2606 OID 113027)
-- Name: Genres Genres_name_key71; Type: CONSTRAINT; Schema: public; Owner: postgres
--

ALTER TABLE ONLY public."Genres"
    ADD CONSTRAINT "Genres_name_key71" UNIQUE (name);


--
-- TOC entry 5296 (class 2606 OID 112829)
-- Name: Genres Genres_name_key72; Type: CONSTRAINT; Schema: public; Owner: postgres
--

ALTER TABLE ONLY public."Genres"
    ADD CONSTRAINT "Genres_name_key72" UNIQUE (name);


--
-- TOC entry 5298 (class 2606 OID 113029)
-- Name: Genres Genres_name_key73; Type: CONSTRAINT; Schema: public; Owner: postgres
--

ALTER TABLE ONLY public."Genres"
    ADD CONSTRAINT "Genres_name_key73" UNIQUE (name);


--
-- TOC entry 5300 (class 2606 OID 113035)
-- Name: Genres Genres_name_key74; Type: CONSTRAINT; Schema: public; Owner: postgres
--

ALTER TABLE ONLY public."Genres"
    ADD CONSTRAINT "Genres_name_key74" UNIQUE (name);


--
-- TOC entry 5302 (class 2606 OID 113055)
-- Name: Genres Genres_name_key75; Type: CONSTRAINT; Schema: public; Owner: postgres
--

ALTER TABLE ONLY public."Genres"
    ADD CONSTRAINT "Genres_name_key75" UNIQUE (name);


--
-- TOC entry 5304 (class 2606 OID 113057)
-- Name: Genres Genres_name_key76; Type: CONSTRAINT; Schema: public; Owner: postgres
--

ALTER TABLE ONLY public."Genres"
    ADD CONSTRAINT "Genres_name_key76" UNIQUE (name);


--
-- TOC entry 5306 (class 2606 OID 112827)
-- Name: Genres Genres_name_key77; Type: CONSTRAINT; Schema: public; Owner: postgres
--

ALTER TABLE ONLY public."Genres"
    ADD CONSTRAINT "Genres_name_key77" UNIQUE (name);


--
-- TOC entry 5308 (class 2606 OID 113059)
-- Name: Genres Genres_name_key78; Type: CONSTRAINT; Schema: public; Owner: postgres
--

ALTER TABLE ONLY public."Genres"
    ADD CONSTRAINT "Genres_name_key78" UNIQUE (name);


--
-- TOC entry 5310 (class 2606 OID 113061)
-- Name: Genres Genres_name_key79; Type: CONSTRAINT; Schema: public; Owner: postgres
--

ALTER TABLE ONLY public."Genres"
    ADD CONSTRAINT "Genres_name_key79" UNIQUE (name);


--
-- TOC entry 5312 (class 2606 OID 112791)
-- Name: Genres Genres_name_key8; Type: CONSTRAINT; Schema: public; Owner: postgres
--

ALTER TABLE ONLY public."Genres"
    ADD CONSTRAINT "Genres_name_key8" UNIQUE (name);


--
-- TOC entry 5314 (class 2606 OID 113063)
-- Name: Genres Genres_name_key80; Type: CONSTRAINT; Schema: public; Owner: postgres
--

ALTER TABLE ONLY public."Genres"
    ADD CONSTRAINT "Genres_name_key80" UNIQUE (name);


--
-- TOC entry 5316 (class 2606 OID 113065)
-- Name: Genres Genres_name_key81; Type: CONSTRAINT; Schema: public; Owner: postgres
--

ALTER TABLE ONLY public."Genres"
    ADD CONSTRAINT "Genres_name_key81" UNIQUE (name);


--
-- TOC entry 5318 (class 2606 OID 113067)
-- Name: Genres Genres_name_key82; Type: CONSTRAINT; Schema: public; Owner: postgres
--

ALTER TABLE ONLY public."Genres"
    ADD CONSTRAINT "Genres_name_key82" UNIQUE (name);


--
-- TOC entry 5320 (class 2606 OID 112825)
-- Name: Genres Genres_name_key83; Type: CONSTRAINT; Schema: public; Owner: postgres
--

ALTER TABLE ONLY public."Genres"
    ADD CONSTRAINT "Genres_name_key83" UNIQUE (name);


--
-- TOC entry 5322 (class 2606 OID 113069)
-- Name: Genres Genres_name_key84; Type: CONSTRAINT; Schema: public; Owner: postgres
--

ALTER TABLE ONLY public."Genres"
    ADD CONSTRAINT "Genres_name_key84" UNIQUE (name);


--
-- TOC entry 5324 (class 2606 OID 113071)
-- Name: Genres Genres_name_key85; Type: CONSTRAINT; Schema: public; Owner: postgres
--

ALTER TABLE ONLY public."Genres"
    ADD CONSTRAINT "Genres_name_key85" UNIQUE (name);


--
-- TOC entry 5326 (class 2606 OID 113073)
-- Name: Genres Genres_name_key86; Type: CONSTRAINT; Schema: public; Owner: postgres
--

ALTER TABLE ONLY public."Genres"
    ADD CONSTRAINT "Genres_name_key86" UNIQUE (name);


--
-- TOC entry 5328 (class 2606 OID 112823)
-- Name: Genres Genres_name_key87; Type: CONSTRAINT; Schema: public; Owner: postgres
--

ALTER TABLE ONLY public."Genres"
    ADD CONSTRAINT "Genres_name_key87" UNIQUE (name);


--
-- TOC entry 5330 (class 2606 OID 113075)
-- Name: Genres Genres_name_key88; Type: CONSTRAINT; Schema: public; Owner: postgres
--

ALTER TABLE ONLY public."Genres"
    ADD CONSTRAINT "Genres_name_key88" UNIQUE (name);


--
-- TOC entry 5332 (class 2606 OID 113077)
-- Name: Genres Genres_name_key89; Type: CONSTRAINT; Schema: public; Owner: postgres
--

ALTER TABLE ONLY public."Genres"
    ADD CONSTRAINT "Genres_name_key89" UNIQUE (name);


--
-- TOC entry 5334 (class 2606 OID 112841)
-- Name: Genres Genres_name_key9; Type: CONSTRAINT; Schema: public; Owner: postgres
--

ALTER TABLE ONLY public."Genres"
    ADD CONSTRAINT "Genres_name_key9" UNIQUE (name);


--
-- TOC entry 5336 (class 2606 OID 113079)
-- Name: Genres Genres_name_key90; Type: CONSTRAINT; Schema: public; Owner: postgres
--

ALTER TABLE ONLY public."Genres"
    ADD CONSTRAINT "Genres_name_key90" UNIQUE (name);


--
-- TOC entry 5338 (class 2606 OID 112821)
-- Name: Genres Genres_name_key91; Type: CONSTRAINT; Schema: public; Owner: postgres
--

ALTER TABLE ONLY public."Genres"
    ADD CONSTRAINT "Genres_name_key91" UNIQUE (name);


--
-- TOC entry 5340 (class 2606 OID 113081)
-- Name: Genres Genres_name_key92; Type: CONSTRAINT; Schema: public; Owner: postgres
--

ALTER TABLE ONLY public."Genres"
    ADD CONSTRAINT "Genres_name_key92" UNIQUE (name);


--
-- TOC entry 5342 (class 2606 OID 112909)
-- Name: Genres Genres_name_key93; Type: CONSTRAINT; Schema: public; Owner: postgres
--

ALTER TABLE ONLY public."Genres"
    ADD CONSTRAINT "Genres_name_key93" UNIQUE (name);


--
-- TOC entry 5344 (class 2606 OID 113083)
-- Name: Genres Genres_name_key94; Type: CONSTRAINT; Schema: public; Owner: postgres
--

ALTER TABLE ONLY public."Genres"
    ADD CONSTRAINT "Genres_name_key94" UNIQUE (name);


--
-- TOC entry 5346 (class 2606 OID 113085)
-- Name: Genres Genres_name_key95; Type: CONSTRAINT; Schema: public; Owner: postgres
--

ALTER TABLE ONLY public."Genres"
    ADD CONSTRAINT "Genres_name_key95" UNIQUE (name);


--
-- TOC entry 5348 (class 2606 OID 112907)
-- Name: Genres Genres_name_key96; Type: CONSTRAINT; Schema: public; Owner: postgres
--

ALTER TABLE ONLY public."Genres"
    ADD CONSTRAINT "Genres_name_key96" UNIQUE (name);


--
-- TOC entry 5350 (class 2606 OID 113087)
-- Name: Genres Genres_name_key97; Type: CONSTRAINT; Schema: public; Owner: postgres
--

ALTER TABLE ONLY public."Genres"
    ADD CONSTRAINT "Genres_name_key97" UNIQUE (name);


--
-- TOC entry 5352 (class 2606 OID 113053)
-- Name: Genres Genres_name_key98; Type: CONSTRAINT; Schema: public; Owner: postgres
--

ALTER TABLE ONLY public."Genres"
    ADD CONSTRAINT "Genres_name_key98" UNIQUE (name);


--
-- TOC entry 5354 (class 2606 OID 112905)
-- Name: Genres Genres_name_key99; Type: CONSTRAINT; Schema: public; Owner: postgres
--

ALTER TABLE ONLY public."Genres"
    ADD CONSTRAINT "Genres_name_key99" UNIQUE (name);


--
-- TOC entry 5356 (class 2606 OID 17092)
-- Name: Genres Genres_pkey; Type: CONSTRAINT; Schema: public; Owner: postgres
--

ALTER TABLE ONLY public."Genres"
    ADD CONSTRAINT "Genres_pkey" PRIMARY KEY (id);


--
-- TOC entry 5769 (class 2606 OID 17243)
-- Name: book_copies book_copies_pkey; Type: CONSTRAINT; Schema: public; Owner: postgres
--

ALTER TABLE ONLY public.book_copies
    ADD CONSTRAINT book_copies_pkey PRIMARY KEY (id);


--
-- TOC entry 5358 (class 2606 OID 17101)
-- Name: book_genres book_genres_pkey; Type: CONSTRAINT; Schema: public; Owner: postgres
--

ALTER TABLE ONLY public.book_genres
    ADD CONSTRAINT book_genres_pkey PRIMARY KEY (book_id, genre_id);


--
-- TOC entry 5771 (class 2606 OID 17275)
-- Name: loans loans_pkey; Type: CONSTRAINT; Schema: public; Owner: postgres
--

ALTER TABLE ONLY public.loans
    ADD CONSTRAINT loans_pkey PRIMARY KEY (id);


--
-- TOC entry 5764 (class 2606 OID 17157)
-- Name: refresh_tokens refresh_tokens_pkey; Type: CONSTRAINT; Schema: public; Owner: postgres
--

ALTER TABLE ONLY public.refresh_tokens
    ADD CONSTRAINT refresh_tokens_pkey PRIMARY KEY (id);


--
-- TOC entry 5360 (class 2606 OID 113327)
-- Name: users users_email_key; Type: CONSTRAINT; Schema: public; Owner: postgres
--

ALTER TABLE ONLY public.users
    ADD CONSTRAINT users_email_key UNIQUE (email);


--
-- TOC entry 5362 (class 2606 OID 113329)
-- Name: users users_email_key1; Type: CONSTRAINT; Schema: public; Owner: postgres
--

ALTER TABLE ONLY public.users
    ADD CONSTRAINT users_email_key1 UNIQUE (email);


--
-- TOC entry 5364 (class 2606 OID 113489)
-- Name: users users_email_key10; Type: CONSTRAINT; Schema: public; Owner: postgres
--

ALTER TABLE ONLY public.users
    ADD CONSTRAINT users_email_key10 UNIQUE (email);


--
-- TOC entry 5366 (class 2606 OID 113229)
-- Name: users users_email_key100; Type: CONSTRAINT; Schema: public; Owner: postgres
--

ALTER TABLE ONLY public.users
    ADD CONSTRAINT users_email_key100 UNIQUE (email);


--
-- TOC entry 5368 (class 2606 OID 113249)
-- Name: users users_email_key101; Type: CONSTRAINT; Schema: public; Owner: postgres
--

ALTER TABLE ONLY public.users
    ADD CONSTRAINT users_email_key101 UNIQUE (email);


--
-- TOC entry 5370 (class 2606 OID 113251)
-- Name: users users_email_key102; Type: CONSTRAINT; Schema: public; Owner: postgres
--

ALTER TABLE ONLY public.users
    ADD CONSTRAINT users_email_key102 UNIQUE (email);


--
-- TOC entry 5372 (class 2606 OID 113227)
-- Name: users users_email_key103; Type: CONSTRAINT; Schema: public; Owner: postgres
--

ALTER TABLE ONLY public.users
    ADD CONSTRAINT users_email_key103 UNIQUE (email);


--
-- TOC entry 5374 (class 2606 OID 113253)
-- Name: users users_email_key104; Type: CONSTRAINT; Schema: public; Owner: postgres
--

ALTER TABLE ONLY public.users
    ADD CONSTRAINT users_email_key104 UNIQUE (email);


--
-- TOC entry 5376 (class 2606 OID 113223)
-- Name: users users_email_key105; Type: CONSTRAINT; Schema: public; Owner: postgres
--

ALTER TABLE ONLY public.users
    ADD CONSTRAINT users_email_key105 UNIQUE (email);


--
-- TOC entry 5378 (class 2606 OID 113225)
-- Name: users users_email_key106; Type: CONSTRAINT; Schema: public; Owner: postgres
--

ALTER TABLE ONLY public.users
    ADD CONSTRAINT users_email_key106 UNIQUE (email);


--
-- TOC entry 5380 (class 2606 OID 113435)
-- Name: users users_email_key107; Type: CONSTRAINT; Schema: public; Owner: postgres
--

ALTER TABLE ONLY public.users
    ADD CONSTRAINT users_email_key107 UNIQUE (email);


--
-- TOC entry 5382 (class 2606 OID 113437)
-- Name: users users_email_key108; Type: CONSTRAINT; Schema: public; Owner: postgres
--

ALTER TABLE ONLY public.users
    ADD CONSTRAINT users_email_key108 UNIQUE (email);


--
-- TOC entry 5384 (class 2606 OID 113463)
-- Name: users users_email_key109; Type: CONSTRAINT; Schema: public; Owner: postgres
--

ALTER TABLE ONLY public.users
    ADD CONSTRAINT users_email_key109 UNIQUE (email);


--
-- TOC entry 5386 (class 2606 OID 113491)
-- Name: users users_email_key11; Type: CONSTRAINT; Schema: public; Owner: postgres
--

ALTER TABLE ONLY public.users
    ADD CONSTRAINT users_email_key11 UNIQUE (email);


--
-- TOC entry 5388 (class 2606 OID 113439)
-- Name: users users_email_key110; Type: CONSTRAINT; Schema: public; Owner: postgres
--

ALTER TABLE ONLY public.users
    ADD CONSTRAINT users_email_key110 UNIQUE (email);


--
-- TOC entry 5390 (class 2606 OID 113461)
-- Name: users users_email_key111; Type: CONSTRAINT; Schema: public; Owner: postgres
--

ALTER TABLE ONLY public.users
    ADD CONSTRAINT users_email_key111 UNIQUE (email);


--
-- TOC entry 5392 (class 2606 OID 113441)
-- Name: users users_email_key112; Type: CONSTRAINT; Schema: public; Owner: postgres
--

ALTER TABLE ONLY public.users
    ADD CONSTRAINT users_email_key112 UNIQUE (email);


--
-- TOC entry 5394 (class 2606 OID 113459)
-- Name: users users_email_key113; Type: CONSTRAINT; Schema: public; Owner: postgres
--

ALTER TABLE ONLY public.users
    ADD CONSTRAINT users_email_key113 UNIQUE (email);


--
-- TOC entry 5396 (class 2606 OID 113443)
-- Name: users users_email_key114; Type: CONSTRAINT; Schema: public; Owner: postgres
--

ALTER TABLE ONLY public.users
    ADD CONSTRAINT users_email_key114 UNIQUE (email);


--
-- TOC entry 5398 (class 2606 OID 113221)
-- Name: users users_email_key115; Type: CONSTRAINT; Schema: public; Owner: postgres
--

ALTER TABLE ONLY public.users
    ADD CONSTRAINT users_email_key115 UNIQUE (email);


--
-- TOC entry 5400 (class 2606 OID 113331)
-- Name: users users_email_key116; Type: CONSTRAINT; Schema: public; Owner: postgres
--

ALTER TABLE ONLY public.users
    ADD CONSTRAINT users_email_key116 UNIQUE (email);


--
-- TOC entry 5402 (class 2606 OID 113333)
-- Name: users users_email_key117; Type: CONSTRAINT; Schema: public; Owner: postgres
--

ALTER TABLE ONLY public.users
    ADD CONSTRAINT users_email_key117 UNIQUE (email);


--
-- TOC entry 5404 (class 2606 OID 113335)
-- Name: users users_email_key118; Type: CONSTRAINT; Schema: public; Owner: postgres
--

ALTER TABLE ONLY public.users
    ADD CONSTRAINT users_email_key118 UNIQUE (email);


--
-- TOC entry 5406 (class 2606 OID 113219)
-- Name: users users_email_key119; Type: CONSTRAINT; Schema: public; Owner: postgres
--

ALTER TABLE ONLY public.users
    ADD CONSTRAINT users_email_key119 UNIQUE (email);


--
-- TOC entry 5408 (class 2606 OID 113323)
-- Name: users users_email_key12; Type: CONSTRAINT; Schema: public; Owner: postgres
--

ALTER TABLE ONLY public.users
    ADD CONSTRAINT users_email_key12 UNIQUE (email);


--
-- TOC entry 5410 (class 2606 OID 113337)
-- Name: users users_email_key120; Type: CONSTRAINT; Schema: public; Owner: postgres
--

ALTER TABLE ONLY public.users
    ADD CONSTRAINT users_email_key120 UNIQUE (email);


--
-- TOC entry 5412 (class 2606 OID 113339)
-- Name: users users_email_key121; Type: CONSTRAINT; Schema: public; Owner: postgres
--

ALTER TABLE ONLY public.users
    ADD CONSTRAINT users_email_key121 UNIQUE (email);


--
-- TOC entry 5414 (class 2606 OID 113341)
-- Name: users users_email_key122; Type: CONSTRAINT; Schema: public; Owner: postgres
--

ALTER TABLE ONLY public.users
    ADD CONSTRAINT users_email_key122 UNIQUE (email);


--
-- TOC entry 5416 (class 2606 OID 113217)
-- Name: users users_email_key123; Type: CONSTRAINT; Schema: public; Owner: postgres
--

ALTER TABLE ONLY public.users
    ADD CONSTRAINT users_email_key123 UNIQUE (email);


--
-- TOC entry 5418 (class 2606 OID 113343)
-- Name: users users_email_key124; Type: CONSTRAINT; Schema: public; Owner: postgres
--

ALTER TABLE ONLY public.users
    ADD CONSTRAINT users_email_key124 UNIQUE (email);


--
-- TOC entry 5420 (class 2606 OID 113213)
-- Name: users users_email_key125; Type: CONSTRAINT; Schema: public; Owner: postgres
--

ALTER TABLE ONLY public.users
    ADD CONSTRAINT users_email_key125 UNIQUE (email);


--
-- TOC entry 5422 (class 2606 OID 113215)
-- Name: users users_email_key126; Type: CONSTRAINT; Schema: public; Owner: postgres
--

ALTER TABLE ONLY public.users
    ADD CONSTRAINT users_email_key126 UNIQUE (email);


--
-- TOC entry 5424 (class 2606 OID 113345)
-- Name: users users_email_key127; Type: CONSTRAINT; Schema: public; Owner: postgres
--

ALTER TABLE ONLY public.users
    ADD CONSTRAINT users_email_key127 UNIQUE (email);


--
-- TOC entry 5426 (class 2606 OID 113483)
-- Name: users users_email_key128; Type: CONSTRAINT; Schema: public; Owner: postgres
--

ALTER TABLE ONLY public.users
    ADD CONSTRAINT users_email_key128 UNIQUE (email);


--
-- TOC entry 5428 (class 2606 OID 113347)
-- Name: users users_email_key129; Type: CONSTRAINT; Schema: public; Owner: postgres
--

ALTER TABLE ONLY public.users
    ADD CONSTRAINT users_email_key129 UNIQUE (email);


--
-- TOC entry 5430 (class 2606 OID 113493)
-- Name: users users_email_key13; Type: CONSTRAINT; Schema: public; Owner: postgres
--

ALTER TABLE ONLY public.users
    ADD CONSTRAINT users_email_key13 UNIQUE (email);


--
-- TOC entry 5432 (class 2606 OID 113479)
-- Name: users users_email_key130; Type: CONSTRAINT; Schema: public; Owner: postgres
--

ALTER TABLE ONLY public.users
    ADD CONSTRAINT users_email_key130 UNIQUE (email);


--
-- TOC entry 5434 (class 2606 OID 113481)
-- Name: users users_email_key131; Type: CONSTRAINT; Schema: public; Owner: postgres
--

ALTER TABLE ONLY public.users
    ADD CONSTRAINT users_email_key131 UNIQUE (email);


--
-- TOC entry 5436 (class 2606 OID 113349)
-- Name: users users_email_key132; Type: CONSTRAINT; Schema: public; Owner: postgres
--

ALTER TABLE ONLY public.users
    ADD CONSTRAINT users_email_key132 UNIQUE (email);


--
-- TOC entry 5438 (class 2606 OID 113477)
-- Name: users users_email_key133; Type: CONSTRAINT; Schema: public; Owner: postgres
--

ALTER TABLE ONLY public.users
    ADD CONSTRAINT users_email_key133 UNIQUE (email);


--
-- TOC entry 5440 (class 2606 OID 113351)
-- Name: users users_email_key134; Type: CONSTRAINT; Schema: public; Owner: postgres
--

ALTER TABLE ONLY public.users
    ADD CONSTRAINT users_email_key134 UNIQUE (email);


--
-- TOC entry 5442 (class 2606 OID 113353)
-- Name: users users_email_key135; Type: CONSTRAINT; Schema: public; Owner: postgres
--

ALTER TABLE ONLY public.users
    ADD CONSTRAINT users_email_key135 UNIQUE (email);


--
-- TOC entry 5444 (class 2606 OID 113355)
-- Name: users users_email_key136; Type: CONSTRAINT; Schema: public; Owner: postgres
--

ALTER TABLE ONLY public.users
    ADD CONSTRAINT users_email_key136 UNIQUE (email);


--
-- TOC entry 5446 (class 2606 OID 113521)
-- Name: users users_email_key137; Type: CONSTRAINT; Schema: public; Owner: postgres
--

ALTER TABLE ONLY public.users
    ADD CONSTRAINT users_email_key137 UNIQUE (email);


--
-- TOC entry 5448 (class 2606 OID 113357)
-- Name: users users_email_key138; Type: CONSTRAINT; Schema: public; Owner: postgres
--

ALTER TABLE ONLY public.users
    ADD CONSTRAINT users_email_key138 UNIQUE (email);


--
-- TOC entry 5450 (class 2606 OID 113359)
-- Name: users users_email_key139; Type: CONSTRAINT; Schema: public; Owner: postgres
--

ALTER TABLE ONLY public.users
    ADD CONSTRAINT users_email_key139 UNIQUE (email);


--
-- TOC entry 5452 (class 2606 OID 113243)
-- Name: users users_email_key14; Type: CONSTRAINT; Schema: public; Owner: postgres
--

ALTER TABLE ONLY public.users
    ADD CONSTRAINT users_email_key14 UNIQUE (email);


--
-- TOC entry 5454 (class 2606 OID 113519)
-- Name: users users_email_key140; Type: CONSTRAINT; Schema: public; Owner: postgres
--

ALTER TABLE ONLY public.users
    ADD CONSTRAINT users_email_key140 UNIQUE (email);


--
-- TOC entry 5456 (class 2606 OID 113361)
-- Name: users users_email_key141; Type: CONSTRAINT; Schema: public; Owner: postgres
--

ALTER TABLE ONLY public.users
    ADD CONSTRAINT users_email_key141 UNIQUE (email);


--
-- TOC entry 5458 (class 2606 OID 113517)
-- Name: users users_email_key142; Type: CONSTRAINT; Schema: public; Owner: postgres
--

ALTER TABLE ONLY public.users
    ADD CONSTRAINT users_email_key142 UNIQUE (email);


--
-- TOC entry 5460 (class 2606 OID 113363)
-- Name: users users_email_key143; Type: CONSTRAINT; Schema: public; Owner: postgres
--

ALTER TABLE ONLY public.users
    ADD CONSTRAINT users_email_key143 UNIQUE (email);


--
-- TOC entry 5462 (class 2606 OID 113365)
-- Name: users users_email_key144; Type: CONSTRAINT; Schema: public; Owner: postgres
--

ALTER TABLE ONLY public.users
    ADD CONSTRAINT users_email_key144 UNIQUE (email);


--
-- TOC entry 5464 (class 2606 OID 113367)
-- Name: users users_email_key145; Type: CONSTRAINT; Schema: public; Owner: postgres
--

ALTER TABLE ONLY public.users
    ADD CONSTRAINT users_email_key145 UNIQUE (email);


--
-- TOC entry 5466 (class 2606 OID 113515)
-- Name: users users_email_key146; Type: CONSTRAINT; Schema: public; Owner: postgres
--

ALTER TABLE ONLY public.users
    ADD CONSTRAINT users_email_key146 UNIQUE (email);


--
-- TOC entry 5468 (class 2606 OID 113369)
-- Name: users users_email_key147; Type: CONSTRAINT; Schema: public; Owner: postgres
--

ALTER TABLE ONLY public.users
    ADD CONSTRAINT users_email_key147 UNIQUE (email);


--
-- TOC entry 5470 (class 2606 OID 113371)
-- Name: users users_email_key148; Type: CONSTRAINT; Schema: public; Owner: postgres
--

ALTER TABLE ONLY public.users
    ADD CONSTRAINT users_email_key148 UNIQUE (email);


--
-- TOC entry 5472 (class 2606 OID 113513)
-- Name: users users_email_key149; Type: CONSTRAINT; Schema: public; Owner: postgres
--

ALTER TABLE ONLY public.users
    ADD CONSTRAINT users_email_key149 UNIQUE (email);


--
-- TOC entry 5474 (class 2606 OID 113465)
-- Name: users users_email_key15; Type: CONSTRAINT; Schema: public; Owner: postgres
--

ALTER TABLE ONLY public.users
    ADD CONSTRAINT users_email_key15 UNIQUE (email);


--
-- TOC entry 5476 (class 2606 OID 113373)
-- Name: users users_email_key150; Type: CONSTRAINT; Schema: public; Owner: postgres
--

ALTER TABLE ONLY public.users
    ADD CONSTRAINT users_email_key150 UNIQUE (email);


--
-- TOC entry 5478 (class 2606 OID 113511)
-- Name: users users_email_key151; Type: CONSTRAINT; Schema: public; Owner: postgres
--

ALTER TABLE ONLY public.users
    ADD CONSTRAINT users_email_key151 UNIQUE (email);


--
-- TOC entry 5480 (class 2606 OID 113375)
-- Name: users users_email_key152; Type: CONSTRAINT; Schema: public; Owner: postgres
--

ALTER TABLE ONLY public.users
    ADD CONSTRAINT users_email_key152 UNIQUE (email);


--
-- TOC entry 5482 (class 2606 OID 113377)
-- Name: users users_email_key153; Type: CONSTRAINT; Schema: public; Owner: postgres
--

ALTER TABLE ONLY public.users
    ADD CONSTRAINT users_email_key153 UNIQUE (email);


--
-- TOC entry 5484 (class 2606 OID 113379)
-- Name: users users_email_key154; Type: CONSTRAINT; Schema: public; Owner: postgres
--

ALTER TABLE ONLY public.users
    ADD CONSTRAINT users_email_key154 UNIQUE (email);


--
-- TOC entry 5486 (class 2606 OID 113381)
-- Name: users users_email_key155; Type: CONSTRAINT; Schema: public; Owner: postgres
--

ALTER TABLE ONLY public.users
    ADD CONSTRAINT users_email_key155 UNIQUE (email);


--
-- TOC entry 5488 (class 2606 OID 113383)
-- Name: users users_email_key156; Type: CONSTRAINT; Schema: public; Owner: postgres
--

ALTER TABLE ONLY public.users
    ADD CONSTRAINT users_email_key156 UNIQUE (email);


--
-- TOC entry 5490 (class 2606 OID 113509)
-- Name: users users_email_key157; Type: CONSTRAINT; Schema: public; Owner: postgres
--

ALTER TABLE ONLY public.users
    ADD CONSTRAINT users_email_key157 UNIQUE (email);


--
-- TOC entry 5492 (class 2606 OID 113385)
-- Name: users users_email_key158; Type: CONSTRAINT; Schema: public; Owner: postgres
--

ALTER TABLE ONLY public.users
    ADD CONSTRAINT users_email_key158 UNIQUE (email);


--
-- TOC entry 5494 (class 2606 OID 113387)
-- Name: users users_email_key159; Type: CONSTRAINT; Schema: public; Owner: postgres
--

ALTER TABLE ONLY public.users
    ADD CONSTRAINT users_email_key159 UNIQUE (email);


--
-- TOC entry 5496 (class 2606 OID 113467)
-- Name: users users_email_key16; Type: CONSTRAINT; Schema: public; Owner: postgres
--

ALTER TABLE ONLY public.users
    ADD CONSTRAINT users_email_key16 UNIQUE (email);


--
-- TOC entry 5498 (class 2606 OID 113389)
-- Name: users users_email_key160; Type: CONSTRAINT; Schema: public; Owner: postgres
--

ALTER TABLE ONLY public.users
    ADD CONSTRAINT users_email_key160 UNIQUE (email);


--
-- TOC entry 5500 (class 2606 OID 113507)
-- Name: users users_email_key161; Type: CONSTRAINT; Schema: public; Owner: postgres
--

ALTER TABLE ONLY public.users
    ADD CONSTRAINT users_email_key161 UNIQUE (email);


--
-- TOC entry 5502 (class 2606 OID 113391)
-- Name: users users_email_key162; Type: CONSTRAINT; Schema: public; Owner: postgres
--

ALTER TABLE ONLY public.users
    ADD CONSTRAINT users_email_key162 UNIQUE (email);


--
-- TOC entry 5504 (class 2606 OID 113393)
-- Name: users users_email_key163; Type: CONSTRAINT; Schema: public; Owner: postgres
--

ALTER TABLE ONLY public.users
    ADD CONSTRAINT users_email_key163 UNIQUE (email);


--
-- TOC entry 5506 (class 2606 OID 113395)
-- Name: users users_email_key164; Type: CONSTRAINT; Schema: public; Owner: postgres
--

ALTER TABLE ONLY public.users
    ADD CONSTRAINT users_email_key164 UNIQUE (email);


--
-- TOC entry 5508 (class 2606 OID 113397)
-- Name: users users_email_key165; Type: CONSTRAINT; Schema: public; Owner: postgres
--

ALTER TABLE ONLY public.users
    ADD CONSTRAINT users_email_key165 UNIQUE (email);


--
-- TOC entry 5510 (class 2606 OID 113399)
-- Name: users users_email_key166; Type: CONSTRAINT; Schema: public; Owner: postgres
--

ALTER TABLE ONLY public.users
    ADD CONSTRAINT users_email_key166 UNIQUE (email);


--
-- TOC entry 5512 (class 2606 OID 113401)
-- Name: users users_email_key167; Type: CONSTRAINT; Schema: public; Owner: postgres
--

ALTER TABLE ONLY public.users
    ADD CONSTRAINT users_email_key167 UNIQUE (email);


--
-- TOC entry 5514 (class 2606 OID 113193)
-- Name: users users_email_key168; Type: CONSTRAINT; Schema: public; Owner: postgres
--

ALTER TABLE ONLY public.users
    ADD CONSTRAINT users_email_key168 UNIQUE (email);


--
-- TOC entry 5516 (class 2606 OID 113403)
-- Name: users users_email_key169; Type: CONSTRAINT; Schema: public; Owner: postgres
--

ALTER TABLE ONLY public.users
    ADD CONSTRAINT users_email_key169 UNIQUE (email);


--
-- TOC entry 5518 (class 2606 OID 113241)
-- Name: users users_email_key17; Type: CONSTRAINT; Schema: public; Owner: postgres
--

ALTER TABLE ONLY public.users
    ADD CONSTRAINT users_email_key17 UNIQUE (email);


--
-- TOC entry 5520 (class 2606 OID 113191)
-- Name: users users_email_key170; Type: CONSTRAINT; Schema: public; Owner: postgres
--

ALTER TABLE ONLY public.users
    ADD CONSTRAINT users_email_key170 UNIQUE (email);


--
-- TOC entry 5522 (class 2606 OID 113405)
-- Name: users users_email_key171; Type: CONSTRAINT; Schema: public; Owner: postgres
--

ALTER TABLE ONLY public.users
    ADD CONSTRAINT users_email_key171 UNIQUE (email);


--
-- TOC entry 5524 (class 2606 OID 113407)
-- Name: users users_email_key172; Type: CONSTRAINT; Schema: public; Owner: postgres
--

ALTER TABLE ONLY public.users
    ADD CONSTRAINT users_email_key172 UNIQUE (email);


--
-- TOC entry 5526 (class 2606 OID 113409)
-- Name: users users_email_key173; Type: CONSTRAINT; Schema: public; Owner: postgres
--

ALTER TABLE ONLY public.users
    ADD CONSTRAINT users_email_key173 UNIQUE (email);


--
-- TOC entry 5528 (class 2606 OID 113411)
-- Name: users users_email_key174; Type: CONSTRAINT; Schema: public; Owner: postgres
--

ALTER TABLE ONLY public.users
    ADD CONSTRAINT users_email_key174 UNIQUE (email);


--
-- TOC entry 5530 (class 2606 OID 113189)
-- Name: users users_email_key175; Type: CONSTRAINT; Schema: public; Owner: postgres
--

ALTER TABLE ONLY public.users
    ADD CONSTRAINT users_email_key175 UNIQUE (email);


--
-- TOC entry 5532 (class 2606 OID 113413)
-- Name: users users_email_key176; Type: CONSTRAINT; Schema: public; Owner: postgres
--

ALTER TABLE ONLY public.users
    ADD CONSTRAINT users_email_key176 UNIQUE (email);


--
-- TOC entry 5534 (class 2606 OID 113415)
-- Name: users users_email_key177; Type: CONSTRAINT; Schema: public; Owner: postgres
--

ALTER TABLE ONLY public.users
    ADD CONSTRAINT users_email_key177 UNIQUE (email);


--
-- TOC entry 5536 (class 2606 OID 113417)
-- Name: users users_email_key178; Type: CONSTRAINT; Schema: public; Owner: postgres
--

ALTER TABLE ONLY public.users
    ADD CONSTRAINT users_email_key178 UNIQUE (email);


--
-- TOC entry 5538 (class 2606 OID 113419)
-- Name: users users_email_key179; Type: CONSTRAINT; Schema: public; Owner: postgres
--

ALTER TABLE ONLY public.users
    ADD CONSTRAINT users_email_key179 UNIQUE (email);


--
-- TOC entry 5540 (class 2606 OID 113281)
-- Name: users users_email_key18; Type: CONSTRAINT; Schema: public; Owner: postgres
--

ALTER TABLE ONLY public.users
    ADD CONSTRAINT users_email_key18 UNIQUE (email);


--
-- TOC entry 5542 (class 2606 OID 113421)
-- Name: users users_email_key180; Type: CONSTRAINT; Schema: public; Owner: postgres
--

ALTER TABLE ONLY public.users
    ADD CONSTRAINT users_email_key180 UNIQUE (email);


--
-- TOC entry 5544 (class 2606 OID 113557)
-- Name: users users_email_key181; Type: CONSTRAINT; Schema: public; Owner: postgres
--

ALTER TABLE ONLY public.users
    ADD CONSTRAINT users_email_key181 UNIQUE (email);


--
-- TOC entry 5546 (class 2606 OID 113485)
-- Name: users users_email_key182; Type: CONSTRAINT; Schema: public; Owner: postgres
--

ALTER TABLE ONLY public.users
    ADD CONSTRAINT users_email_key182 UNIQUE (email);


--
-- TOC entry 5548 (class 2606 OID 113425)
-- Name: users users_email_key183; Type: CONSTRAINT; Schema: public; Owner: postgres
--

ALTER TABLE ONLY public.users
    ADD CONSTRAINT users_email_key183 UNIQUE (email);


--
-- TOC entry 5550 (class 2606 OID 113559)
-- Name: users users_email_key184; Type: CONSTRAINT; Schema: public; Owner: postgres
--

ALTER TABLE ONLY public.users
    ADD CONSTRAINT users_email_key184 UNIQUE (email);


--
-- TOC entry 5552 (class 2606 OID 113561)
-- Name: users users_email_key185; Type: CONSTRAINT; Schema: public; Owner: postgres
--

ALTER TABLE ONLY public.users
    ADD CONSTRAINT users_email_key185 UNIQUE (email);


--
-- TOC entry 5554 (class 2606 OID 113423)
-- Name: users users_email_key186; Type: CONSTRAINT; Schema: public; Owner: postgres
--

ALTER TABLE ONLY public.users
    ADD CONSTRAINT users_email_key186 UNIQUE (email);


--
-- TOC entry 5556 (class 2606 OID 113563)
-- Name: users users_email_key187; Type: CONSTRAINT; Schema: public; Owner: postgres
--

ALTER TABLE ONLY public.users
    ADD CONSTRAINT users_email_key187 UNIQUE (email);


--
-- TOC entry 5558 (class 2606 OID 113565)
-- Name: users users_email_key188; Type: CONSTRAINT; Schema: public; Owner: postgres
--

ALTER TABLE ONLY public.users
    ADD CONSTRAINT users_email_key188 UNIQUE (email);


--
-- TOC entry 5560 (class 2606 OID 113567)
-- Name: users users_email_key189; Type: CONSTRAINT; Schema: public; Owner: postgres
--

ALTER TABLE ONLY public.users
    ADD CONSTRAINT users_email_key189 UNIQUE (email);


--
-- TOC entry 5562 (class 2606 OID 113279)
-- Name: users users_email_key19; Type: CONSTRAINT; Schema: public; Owner: postgres
--

ALTER TABLE ONLY public.users
    ADD CONSTRAINT users_email_key19 UNIQUE (email);


--
-- TOC entry 5564 (class 2606 OID 113569)
-- Name: users users_email_key190; Type: CONSTRAINT; Schema: public; Owner: postgres
--

ALTER TABLE ONLY public.users
    ADD CONSTRAINT users_email_key190 UNIQUE (email);


--
-- TOC entry 5566 (class 2606 OID 113187)
-- Name: users users_email_key191; Type: CONSTRAINT; Schema: public; Owner: postgres
--

ALTER TABLE ONLY public.users
    ADD CONSTRAINT users_email_key191 UNIQUE (email);


--
-- TOC entry 5568 (class 2606 OID 113571)
-- Name: users users_email_key192; Type: CONSTRAINT; Schema: public; Owner: postgres
--

ALTER TABLE ONLY public.users
    ADD CONSTRAINT users_email_key192 UNIQUE (email);


--
-- TOC entry 5570 (class 2606 OID 113185)
-- Name: users users_email_key193; Type: CONSTRAINT; Schema: public; Owner: postgres
--

ALTER TABLE ONLY public.users
    ADD CONSTRAINT users_email_key193 UNIQUE (email);


--
-- TOC entry 5572 (class 2606 OID 113573)
-- Name: users users_email_key194; Type: CONSTRAINT; Schema: public; Owner: postgres
--

ALTER TABLE ONLY public.users
    ADD CONSTRAINT users_email_key194 UNIQUE (email);


--
-- TOC entry 5574 (class 2606 OID 113575)
-- Name: users users_email_key195; Type: CONSTRAINT; Schema: public; Owner: postgres
--

ALTER TABLE ONLY public.users
    ADD CONSTRAINT users_email_key195 UNIQUE (email);


--
-- TOC entry 5576 (class 2606 OID 113577)
-- Name: users users_email_key196; Type: CONSTRAINT; Schema: public; Owner: postgres
--

ALTER TABLE ONLY public.users
    ADD CONSTRAINT users_email_key196 UNIQUE (email);


--
-- TOC entry 5578 (class 2606 OID 113183)
-- Name: users users_email_key197; Type: CONSTRAINT; Schema: public; Owner: postgres
--

ALTER TABLE ONLY public.users
    ADD CONSTRAINT users_email_key197 UNIQUE (email);


--
-- TOC entry 5580 (class 2606 OID 113579)
-- Name: users users_email_key198; Type: CONSTRAINT; Schema: public; Owner: postgres
--

ALTER TABLE ONLY public.users
    ADD CONSTRAINT users_email_key198 UNIQUE (email);


--
-- TOC entry 5582 (class 2606 OID 113181)
-- Name: users users_email_key199; Type: CONSTRAINT; Schema: public; Owner: postgres
--

ALTER TABLE ONLY public.users
    ADD CONSTRAINT users_email_key199 UNIQUE (email);


--
-- TOC entry 5584 (class 2606 OID 113445)
-- Name: users users_email_key2; Type: CONSTRAINT; Schema: public; Owner: postgres
--

ALTER TABLE ONLY public.users
    ADD CONSTRAINT users_email_key2 UNIQUE (email);


--
-- TOC entry 5586 (class 2606 OID 113469)
-- Name: users users_email_key20; Type: CONSTRAINT; Schema: public; Owner: postgres
--

ALTER TABLE ONLY public.users
    ADD CONSTRAINT users_email_key20 UNIQUE (email);


--
-- TOC entry 5588 (class 2606 OID 113179)
-- Name: users users_email_key200; Type: CONSTRAINT; Schema: public; Owner: postgres
--

ALTER TABLE ONLY public.users
    ADD CONSTRAINT users_email_key200 UNIQUE (email);


--
-- TOC entry 5590 (class 2606 OID 113277)
-- Name: users users_email_key21; Type: CONSTRAINT; Schema: public; Owner: postgres
--

ALTER TABLE ONLY public.users
    ADD CONSTRAINT users_email_key21 UNIQUE (email);


--
-- TOC entry 5592 (class 2606 OID 113275)
-- Name: users users_email_key22; Type: CONSTRAINT; Schema: public; Owner: postgres
--

ALTER TABLE ONLY public.users
    ADD CONSTRAINT users_email_key22 UNIQUE (email);


--
-- TOC entry 5594 (class 2606 OID 113471)
-- Name: users users_email_key23; Type: CONSTRAINT; Schema: public; Owner: postgres
--

ALTER TABLE ONLY public.users
    ADD CONSTRAINT users_email_key23 UNIQUE (email);


--
-- TOC entry 5596 (class 2606 OID 113473)
-- Name: users users_email_key24; Type: CONSTRAINT; Schema: public; Owner: postgres
--

ALTER TABLE ONLY public.users
    ADD CONSTRAINT users_email_key24 UNIQUE (email);


--
-- TOC entry 5598 (class 2606 OID 113453)
-- Name: users users_email_key25; Type: CONSTRAINT; Schema: public; Owner: postgres
--

ALTER TABLE ONLY public.users
    ADD CONSTRAINT users_email_key25 UNIQUE (email);


--
-- TOC entry 5600 (class 2606 OID 113447)
-- Name: users users_email_key26; Type: CONSTRAINT; Schema: public; Owner: postgres
--

ALTER TABLE ONLY public.users
    ADD CONSTRAINT users_email_key26 UNIQUE (email);


--
-- TOC entry 5602 (class 2606 OID 113451)
-- Name: users users_email_key27; Type: CONSTRAINT; Schema: public; Owner: postgres
--

ALTER TABLE ONLY public.users
    ADD CONSTRAINT users_email_key27 UNIQUE (email);


--
-- TOC entry 5604 (class 2606 OID 113449)
-- Name: users users_email_key28; Type: CONSTRAINT; Schema: public; Owner: postgres
--

ALTER TABLE ONLY public.users
    ADD CONSTRAINT users_email_key28 UNIQUE (email);


--
-- TOC entry 5606 (class 2606 OID 113475)
-- Name: users users_email_key29; Type: CONSTRAINT; Schema: public; Owner: postgres
--

ALTER TABLE ONLY public.users
    ADD CONSTRAINT users_email_key29 UNIQUE (email);


--
-- TOC entry 5608 (class 2606 OID 113455)
-- Name: users users_email_key3; Type: CONSTRAINT; Schema: public; Owner: postgres
--

ALTER TABLE ONLY public.users
    ADD CONSTRAINT users_email_key3 UNIQUE (email);


--
-- TOC entry 5610 (class 2606 OID 113273)
-- Name: users users_email_key30; Type: CONSTRAINT; Schema: public; Owner: postgres
--

ALTER TABLE ONLY public.users
    ADD CONSTRAINT users_email_key30 UNIQUE (email);


--
-- TOC entry 5612 (class 2606 OID 113523)
-- Name: users users_email_key31; Type: CONSTRAINT; Schema: public; Owner: postgres
--

ALTER TABLE ONLY public.users
    ADD CONSTRAINT users_email_key31 UNIQUE (email);


--
-- TOC entry 5614 (class 2606 OID 113539)
-- Name: users users_email_key32; Type: CONSTRAINT; Schema: public; Owner: postgres
--

ALTER TABLE ONLY public.users
    ADD CONSTRAINT users_email_key32 UNIQUE (email);


--
-- TOC entry 5616 (class 2606 OID 113271)
-- Name: users users_email_key33; Type: CONSTRAINT; Schema: public; Owner: postgres
--

ALTER TABLE ONLY public.users
    ADD CONSTRAINT users_email_key33 UNIQUE (email);


--
-- TOC entry 5618 (class 2606 OID 113541)
-- Name: users users_email_key34; Type: CONSTRAINT; Schema: public; Owner: postgres
--

ALTER TABLE ONLY public.users
    ADD CONSTRAINT users_email_key34 UNIQUE (email);


--
-- TOC entry 5620 (class 2606 OID 113269)
-- Name: users users_email_key35; Type: CONSTRAINT; Schema: public; Owner: postgres
--

ALTER TABLE ONLY public.users
    ADD CONSTRAINT users_email_key35 UNIQUE (email);


--
-- TOC entry 5622 (class 2606 OID 113543)
-- Name: users users_email_key36; Type: CONSTRAINT; Schema: public; Owner: postgres
--

ALTER TABLE ONLY public.users
    ADD CONSTRAINT users_email_key36 UNIQUE (email);


--
-- TOC entry 5624 (class 2606 OID 113303)
-- Name: users users_email_key37; Type: CONSTRAINT; Schema: public; Owner: postgres
--

ALTER TABLE ONLY public.users
    ADD CONSTRAINT users_email_key37 UNIQUE (email);


--
-- TOC entry 5626 (class 2606 OID 113433)
-- Name: users users_email_key38; Type: CONSTRAINT; Schema: public; Owner: postgres
--

ALTER TABLE ONLY public.users
    ADD CONSTRAINT users_email_key38 UNIQUE (email);


--
-- TOC entry 5628 (class 2606 OID 113429)
-- Name: users users_email_key39; Type: CONSTRAINT; Schema: public; Owner: postgres
--

ALTER TABLE ONLY public.users
    ADD CONSTRAINT users_email_key39 UNIQUE (email);


--
-- TOC entry 5630 (class 2606 OID 113457)
-- Name: users users_email_key4; Type: CONSTRAINT; Schema: public; Owner: postgres
--

ALTER TABLE ONLY public.users
    ADD CONSTRAINT users_email_key4 UNIQUE (email);


--
-- TOC entry 5632 (class 2606 OID 113431)
-- Name: users users_email_key40; Type: CONSTRAINT; Schema: public; Owner: postgres
--

ALTER TABLE ONLY public.users
    ADD CONSTRAINT users_email_key40 UNIQUE (email);


--
-- TOC entry 5634 (class 2606 OID 113239)
-- Name: users users_email_key41; Type: CONSTRAINT; Schema: public; Owner: postgres
--

ALTER TABLE ONLY public.users
    ADD CONSTRAINT users_email_key41 UNIQUE (email);


--
-- TOC entry 5636 (class 2606 OID 113283)
-- Name: users users_email_key42; Type: CONSTRAINT; Schema: public; Owner: postgres
--

ALTER TABLE ONLY public.users
    ADD CONSTRAINT users_email_key42 UNIQUE (email);


--
-- TOC entry 5638 (class 2606 OID 113237)
-- Name: users users_email_key43; Type: CONSTRAINT; Schema: public; Owner: postgres
--

ALTER TABLE ONLY public.users
    ADD CONSTRAINT users_email_key43 UNIQUE (email);


--
-- TOC entry 5640 (class 2606 OID 113285)
-- Name: users users_email_key44; Type: CONSTRAINT; Schema: public; Owner: postgres
--

ALTER TABLE ONLY public.users
    ADD CONSTRAINT users_email_key44 UNIQUE (email);


--
-- TOC entry 5642 (class 2606 OID 113287)
-- Name: users users_email_key45; Type: CONSTRAINT; Schema: public; Owner: postgres
--

ALTER TABLE ONLY public.users
    ADD CONSTRAINT users_email_key45 UNIQUE (email);


--
-- TOC entry 5644 (class 2606 OID 113289)
-- Name: users users_email_key46; Type: CONSTRAINT; Schema: public; Owner: postgres
--

ALTER TABLE ONLY public.users
    ADD CONSTRAINT users_email_key46 UNIQUE (email);


--
-- TOC entry 5646 (class 2606 OID 113291)
-- Name: users users_email_key47; Type: CONSTRAINT; Schema: public; Owner: postgres
--

ALTER TABLE ONLY public.users
    ADD CONSTRAINT users_email_key47 UNIQUE (email);


--
-- TOC entry 5648 (class 2606 OID 113293)
-- Name: users users_email_key48; Type: CONSTRAINT; Schema: public; Owner: postgres
--

ALTER TABLE ONLY public.users
    ADD CONSTRAINT users_email_key48 UNIQUE (email);


--
-- TOC entry 5650 (class 2606 OID 113295)
-- Name: users users_email_key49; Type: CONSTRAINT; Schema: public; Owner: postgres
--

ALTER TABLE ONLY public.users
    ADD CONSTRAINT users_email_key49 UNIQUE (email);


--
-- TOC entry 5652 (class 2606 OID 113551)
-- Name: users users_email_key5; Type: CONSTRAINT; Schema: public; Owner: postgres
--

ALTER TABLE ONLY public.users
    ADD CONSTRAINT users_email_key5 UNIQUE (email);


--
-- TOC entry 5654 (class 2606 OID 113297)
-- Name: users users_email_key50; Type: CONSTRAINT; Schema: public; Owner: postgres
--

ALTER TABLE ONLY public.users
    ADD CONSTRAINT users_email_key50 UNIQUE (email);


--
-- TOC entry 5656 (class 2606 OID 113299)
-- Name: users users_email_key51; Type: CONSTRAINT; Schema: public; Owner: postgres
--

ALTER TABLE ONLY public.users
    ADD CONSTRAINT users_email_key51 UNIQUE (email);


--
-- TOC entry 5658 (class 2606 OID 113235)
-- Name: users users_email_key52; Type: CONSTRAINT; Schema: public; Owner: postgres
--

ALTER TABLE ONLY public.users
    ADD CONSTRAINT users_email_key52 UNIQUE (email);


--
-- TOC entry 5660 (class 2606 OID 113301)
-- Name: users users_email_key53; Type: CONSTRAINT; Schema: public; Owner: postgres
--

ALTER TABLE ONLY public.users
    ADD CONSTRAINT users_email_key53 UNIQUE (email);


--
-- TOC entry 5662 (class 2606 OID 113545)
-- Name: users users_email_key54; Type: CONSTRAINT; Schema: public; Owner: postgres
--

ALTER TABLE ONLY public.users
    ADD CONSTRAINT users_email_key54 UNIQUE (email);


--
-- TOC entry 5664 (class 2606 OID 113233)
-- Name: users users_email_key55; Type: CONSTRAINT; Schema: public; Owner: postgres
--

ALTER TABLE ONLY public.users
    ADD CONSTRAINT users_email_key55 UNIQUE (email);


--
-- TOC entry 5666 (class 2606 OID 113547)
-- Name: users users_email_key56; Type: CONSTRAINT; Schema: public; Owner: postgres
--

ALTER TABLE ONLY public.users
    ADD CONSTRAINT users_email_key56 UNIQUE (email);


--
-- TOC entry 5668 (class 2606 OID 113549)
-- Name: users users_email_key57; Type: CONSTRAINT; Schema: public; Owner: postgres
--

ALTER TABLE ONLY public.users
    ADD CONSTRAINT users_email_key57 UNIQUE (email);


--
-- TOC entry 5670 (class 2606 OID 113231)
-- Name: users users_email_key58; Type: CONSTRAINT; Schema: public; Owner: postgres
--

ALTER TABLE ONLY public.users
    ADD CONSTRAINT users_email_key58 UNIQUE (email);


--
-- TOC entry 5672 (class 2606 OID 113255)
-- Name: users users_email_key59; Type: CONSTRAINT; Schema: public; Owner: postgres
--

ALTER TABLE ONLY public.users
    ADD CONSTRAINT users_email_key59 UNIQUE (email);


--
-- TOC entry 5674 (class 2606 OID 113553)
-- Name: users users_email_key6; Type: CONSTRAINT; Schema: public; Owner: postgres
--

ALTER TABLE ONLY public.users
    ADD CONSTRAINT users_email_key6 UNIQUE (email);


--
-- TOC entry 5676 (class 2606 OID 113257)
-- Name: users users_email_key60; Type: CONSTRAINT; Schema: public; Owner: postgres
--

ALTER TABLE ONLY public.users
    ADD CONSTRAINT users_email_key60 UNIQUE (email);


--
-- TOC entry 5678 (class 2606 OID 113259)
-- Name: users users_email_key61; Type: CONSTRAINT; Schema: public; Owner: postgres
--

ALTER TABLE ONLY public.users
    ADD CONSTRAINT users_email_key61 UNIQUE (email);


--
-- TOC entry 5680 (class 2606 OID 113261)
-- Name: users users_email_key62; Type: CONSTRAINT; Schema: public; Owner: postgres
--

ALTER TABLE ONLY public.users
    ADD CONSTRAINT users_email_key62 UNIQUE (email);


--
-- TOC entry 5682 (class 2606 OID 113263)
-- Name: users users_email_key63; Type: CONSTRAINT; Schema: public; Owner: postgres
--

ALTER TABLE ONLY public.users
    ADD CONSTRAINT users_email_key63 UNIQUE (email);


--
-- TOC entry 5684 (class 2606 OID 113265)
-- Name: users users_email_key64; Type: CONSTRAINT; Schema: public; Owner: postgres
--

ALTER TABLE ONLY public.users
    ADD CONSTRAINT users_email_key64 UNIQUE (email);


--
-- TOC entry 5686 (class 2606 OID 113427)
-- Name: users users_email_key65; Type: CONSTRAINT; Schema: public; Owner: postgres
--

ALTER TABLE ONLY public.users
    ADD CONSTRAINT users_email_key65 UNIQUE (email);


--
-- TOC entry 5688 (class 2606 OID 113267)
-- Name: users users_email_key66; Type: CONSTRAINT; Schema: public; Owner: postgres
--

ALTER TABLE ONLY public.users
    ADD CONSTRAINT users_email_key66 UNIQUE (email);


--
-- TOC entry 5690 (class 2606 OID 113495)
-- Name: users users_email_key67; Type: CONSTRAINT; Schema: public; Owner: postgres
--

ALTER TABLE ONLY public.users
    ADD CONSTRAINT users_email_key67 UNIQUE (email);


--
-- TOC entry 5692 (class 2606 OID 113497)
-- Name: users users_email_key68; Type: CONSTRAINT; Schema: public; Owner: postgres
--

ALTER TABLE ONLY public.users
    ADD CONSTRAINT users_email_key68 UNIQUE (email);


--
-- TOC entry 5694 (class 2606 OID 113499)
-- Name: users users_email_key69; Type: CONSTRAINT; Schema: public; Owner: postgres
--

ALTER TABLE ONLY public.users
    ADD CONSTRAINT users_email_key69 UNIQUE (email);


--
-- TOC entry 5696 (class 2606 OID 113555)
-- Name: users users_email_key7; Type: CONSTRAINT; Schema: public; Owner: postgres
--

ALTER TABLE ONLY public.users
    ADD CONSTRAINT users_email_key7 UNIQUE (email);


--
-- TOC entry 5698 (class 2606 OID 113501)
-- Name: users users_email_key70; Type: CONSTRAINT; Schema: public; Owner: postgres
--

ALTER TABLE ONLY public.users
    ADD CONSTRAINT users_email_key70 UNIQUE (email);


--
-- TOC entry 5700 (class 2606 OID 113211)
-- Name: users users_email_key71; Type: CONSTRAINT; Schema: public; Owner: postgres
--

ALTER TABLE ONLY public.users
    ADD CONSTRAINT users_email_key71 UNIQUE (email);


--
-- TOC entry 5702 (class 2606 OID 113503)
-- Name: users users_email_key72; Type: CONSTRAINT; Schema: public; Owner: postgres
--

ALTER TABLE ONLY public.users
    ADD CONSTRAINT users_email_key72 UNIQUE (email);


--
-- TOC entry 5704 (class 2606 OID 113505)
-- Name: users users_email_key73; Type: CONSTRAINT; Schema: public; Owner: postgres
--

ALTER TABLE ONLY public.users
    ADD CONSTRAINT users_email_key73 UNIQUE (email);


--
-- TOC entry 5706 (class 2606 OID 113195)
-- Name: users users_email_key74; Type: CONSTRAINT; Schema: public; Owner: postgres
--

ALTER TABLE ONLY public.users
    ADD CONSTRAINT users_email_key74 UNIQUE (email);


--
-- TOC entry 5708 (class 2606 OID 113197)
-- Name: users users_email_key75; Type: CONSTRAINT; Schema: public; Owner: postgres
--

ALTER TABLE ONLY public.users
    ADD CONSTRAINT users_email_key75 UNIQUE (email);


--
-- TOC entry 5710 (class 2606 OID 113209)
-- Name: users users_email_key76; Type: CONSTRAINT; Schema: public; Owner: postgres
--

ALTER TABLE ONLY public.users
    ADD CONSTRAINT users_email_key76 UNIQUE (email);


--
-- TOC entry 5712 (class 2606 OID 113199)
-- Name: users users_email_key77; Type: CONSTRAINT; Schema: public; Owner: postgres
--

ALTER TABLE ONLY public.users
    ADD CONSTRAINT users_email_key77 UNIQUE (email);


--
-- TOC entry 5714 (class 2606 OID 113201)
-- Name: users users_email_key78; Type: CONSTRAINT; Schema: public; Owner: postgres
--

ALTER TABLE ONLY public.users
    ADD CONSTRAINT users_email_key78 UNIQUE (email);


--
-- TOC entry 5716 (class 2606 OID 113203)
-- Name: users users_email_key79; Type: CONSTRAINT; Schema: public; Owner: postgres
--

ALTER TABLE ONLY public.users
    ADD CONSTRAINT users_email_key79 UNIQUE (email);


--
-- TOC entry 5718 (class 2606 OID 113487)
-- Name: users users_email_key8; Type: CONSTRAINT; Schema: public; Owner: postgres
--

ALTER TABLE ONLY public.users
    ADD CONSTRAINT users_email_key8 UNIQUE (email);


--
-- TOC entry 5720 (class 2606 OID 113205)
-- Name: users users_email_key80; Type: CONSTRAINT; Schema: public; Owner: postgres
--

ALTER TABLE ONLY public.users
    ADD CONSTRAINT users_email_key80 UNIQUE (email);


--
-- TOC entry 5722 (class 2606 OID 113207)
-- Name: users users_email_key81; Type: CONSTRAINT; Schema: public; Owner: postgres
--

ALTER TABLE ONLY public.users
    ADD CONSTRAINT users_email_key81 UNIQUE (email);


--
-- TOC entry 5724 (class 2606 OID 113321)
-- Name: users users_email_key82; Type: CONSTRAINT; Schema: public; Owner: postgres
--

ALTER TABLE ONLY public.users
    ADD CONSTRAINT users_email_key82 UNIQUE (email);


--
-- TOC entry 5726 (class 2606 OID 113245)
-- Name: users users_email_key83; Type: CONSTRAINT; Schema: public; Owner: postgres
--

ALTER TABLE ONLY public.users
    ADD CONSTRAINT users_email_key83 UNIQUE (email);


--
-- TOC entry 5728 (class 2606 OID 113307)
-- Name: users users_email_key84; Type: CONSTRAINT; Schema: public; Owner: postgres
--

ALTER TABLE ONLY public.users
    ADD CONSTRAINT users_email_key84 UNIQUE (email);


--
-- TOC entry 5730 (class 2606 OID 113309)
-- Name: users users_email_key85; Type: CONSTRAINT; Schema: public; Owner: postgres
--

ALTER TABLE ONLY public.users
    ADD CONSTRAINT users_email_key85 UNIQUE (email);


--
-- TOC entry 5732 (class 2606 OID 113319)
-- Name: users users_email_key86; Type: CONSTRAINT; Schema: public; Owner: postgres
--

ALTER TABLE ONLY public.users
    ADD CONSTRAINT users_email_key86 UNIQUE (email);


--
-- TOC entry 5734 (class 2606 OID 113311)
-- Name: users users_email_key87; Type: CONSTRAINT; Schema: public; Owner: postgres
--

ALTER TABLE ONLY public.users
    ADD CONSTRAINT users_email_key87 UNIQUE (email);


--
-- TOC entry 5736 (class 2606 OID 113313)
-- Name: users users_email_key88; Type: CONSTRAINT; Schema: public; Owner: postgres
--

ALTER TABLE ONLY public.users
    ADD CONSTRAINT users_email_key88 UNIQUE (email);


--
-- TOC entry 5738 (class 2606 OID 113315)
-- Name: users users_email_key89; Type: CONSTRAINT; Schema: public; Owner: postgres
--

ALTER TABLE ONLY public.users
    ADD CONSTRAINT users_email_key89 UNIQUE (email);


--
-- TOC entry 5740 (class 2606 OID 113325)
-- Name: users users_email_key9; Type: CONSTRAINT; Schema: public; Owner: postgres
--

ALTER TABLE ONLY public.users
    ADD CONSTRAINT users_email_key9 UNIQUE (email);


--
-- TOC entry 5742 (class 2606 OID 113317)
-- Name: users users_email_key90; Type: CONSTRAINT; Schema: public; Owner: postgres
--

ALTER TABLE ONLY public.users
    ADD CONSTRAINT users_email_key90 UNIQUE (email);


--
-- TOC entry 5744 (class 2606 OID 113525)
-- Name: users users_email_key91; Type: CONSTRAINT; Schema: public; Owner: postgres
--

ALTER TABLE ONLY public.users
    ADD CONSTRAINT users_email_key91 UNIQUE (email);


--
-- TOC entry 5746 (class 2606 OID 113537)
-- Name: users users_email_key92; Type: CONSTRAINT; Schema: public; Owner: postgres
--

ALTER TABLE ONLY public.users
    ADD CONSTRAINT users_email_key92 UNIQUE (email);


--
-- TOC entry 5748 (class 2606 OID 113527)
-- Name: users users_email_key93; Type: CONSTRAINT; Schema: public; Owner: postgres
--

ALTER TABLE ONLY public.users
    ADD CONSTRAINT users_email_key93 UNIQUE (email);


--
-- TOC entry 5750 (class 2606 OID 113529)
-- Name: users users_email_key94; Type: CONSTRAINT; Schema: public; Owner: postgres
--

ALTER TABLE ONLY public.users
    ADD CONSTRAINT users_email_key94 UNIQUE (email);


--
-- TOC entry 5752 (class 2606 OID 113535)
-- Name: users users_email_key95; Type: CONSTRAINT; Schema: public; Owner: postgres
--

ALTER TABLE ONLY public.users
    ADD CONSTRAINT users_email_key95 UNIQUE (email);


--
-- TOC entry 5754 (class 2606 OID 113531)
-- Name: users users_email_key96; Type: CONSTRAINT; Schema: public; Owner: postgres
--

ALTER TABLE ONLY public.users
    ADD CONSTRAINT users_email_key96 UNIQUE (email);


--
-- TOC entry 5756 (class 2606 OID 113533)
-- Name: users users_email_key97; Type: CONSTRAINT; Schema: public; Owner: postgres
--

ALTER TABLE ONLY public.users
    ADD CONSTRAINT users_email_key97 UNIQUE (email);


--
-- TOC entry 5758 (class 2606 OID 113305)
-- Name: users users_email_key98; Type: CONSTRAINT; Schema: public; Owner: postgres
--

ALTER TABLE ONLY public.users
    ADD CONSTRAINT users_email_key98 UNIQUE (email);


--
-- TOC entry 5760 (class 2606 OID 113247)
-- Name: users users_email_key99; Type: CONSTRAINT; Schema: public; Owner: postgres
--

ALTER TABLE ONLY public.users
    ADD CONSTRAINT users_email_key99 UNIQUE (email);


--
-- TOC entry 5762 (class 2606 OID 17130)
-- Name: users users_pkey; Type: CONSTRAINT; Schema: public; Owner: postgres
--

ALTER TABLE ONLY public.users
    ADD CONSTRAINT users_pkey PRIMARY KEY (id);


--
-- TOC entry 5767 (class 1259 OID 17182)
-- Name: favorite_books_user_id_book_id; Type: INDEX; Schema: public; Owner: postgres
--

CREATE UNIQUE INDEX favorite_books_user_id_book_id ON public."FavoriteBooks" USING btree (user_id, book_id);


--
-- TOC entry 5772 (class 2606 OID 112755)
-- Name: Books Books_author_id_fkey; Type: FK CONSTRAINT; Schema: public; Owner: postgres
--

ALTER TABLE ONLY public."Books"
    ADD CONSTRAINT "Books_author_id_fkey" FOREIGN KEY (author_id) REFERENCES public."Authors"(id) ON UPDATE CASCADE ON DELETE CASCADE;


--
-- TOC entry 5776 (class 2606 OID 17177)
-- Name: FavoriteBooks FavoriteBooks_book_id_fkey; Type: FK CONSTRAINT; Schema: public; Owner: postgres
--

ALTER TABLE ONLY public."FavoriteBooks"
    ADD CONSTRAINT "FavoriteBooks_book_id_fkey" FOREIGN KEY (book_id) REFERENCES public."Books"(id) ON UPDATE CASCADE ON DELETE CASCADE;


--
-- TOC entry 5777 (class 2606 OID 17172)
-- Name: FavoriteBooks FavoriteBooks_user_id_fkey; Type: FK CONSTRAINT; Schema: public; Owner: postgres
--

ALTER TABLE ONLY public."FavoriteBooks"
    ADD CONSTRAINT "FavoriteBooks_user_id_fkey" FOREIGN KEY (user_id) REFERENCES public.users(id) ON UPDATE CASCADE ON DELETE CASCADE;


--
-- TOC entry 5778 (class 2606 OID 112719)
-- Name: book_copies book_copies_book_id_fkey; Type: FK CONSTRAINT; Schema: public; Owner: postgres
--

ALTER TABLE ONLY public.book_copies
    ADD CONSTRAINT book_copies_book_id_fkey FOREIGN KEY (book_id) REFERENCES public."Books"(id) ON UPDATE CASCADE ON DELETE CASCADE;


--
-- TOC entry 5773 (class 2606 OID 17102)
-- Name: book_genres book_genres_book_id_fkey; Type: FK CONSTRAINT; Schema: public; Owner: postgres
--

ALTER TABLE ONLY public.book_genres
    ADD CONSTRAINT book_genres_book_id_fkey FOREIGN KEY (book_id) REFERENCES public."Books"(id) ON UPDATE CASCADE ON DELETE CASCADE;


--
-- TOC entry 5774 (class 2606 OID 17107)
-- Name: book_genres book_genres_genre_id_fkey; Type: FK CONSTRAINT; Schema: public; Owner: postgres
--

ALTER TABLE ONLY public.book_genres
    ADD CONSTRAINT book_genres_genre_id_fkey FOREIGN KEY (genre_id) REFERENCES public."Genres"(id) ON UPDATE CASCADE ON DELETE CASCADE;


--
-- TOC entry 5779 (class 2606 OID 112734)
-- Name: loans loans_book_copy_id_fkey; Type: FK CONSTRAINT; Schema: public; Owner: postgres
--

ALTER TABLE ONLY public.loans
    ADD CONSTRAINT loans_book_copy_id_fkey FOREIGN KEY (book_copy_id) REFERENCES public.book_copies(id) ON UPDATE CASCADE ON DELETE CASCADE;


--
-- TOC entry 5780 (class 2606 OID 112729)
-- Name: loans loans_user_id_fkey; Type: FK CONSTRAINT; Schema: public; Owner: postgres
--

ALTER TABLE ONLY public.loans
    ADD CONSTRAINT loans_user_id_fkey FOREIGN KEY (user_id) REFERENCES public.users(id) ON UPDATE CASCADE ON DELETE CASCADE;


--
-- TOC entry 5775 (class 2606 OID 112710)
-- Name: refresh_tokens refresh_tokens_user_id_fkey; Type: FK CONSTRAINT; Schema: public; Owner: postgres
--

ALTER TABLE ONLY public.refresh_tokens
    ADD CONSTRAINT refresh_tokens_user_id_fkey FOREIGN KEY (user_id) REFERENCES public.users(id) ON UPDATE CASCADE ON DELETE CASCADE;


-- Completed on 2026-02-25 11:20:51

--
-- PostgreSQL database dump complete
--

\unrestrict e3pcylw4OOdqQBWDs9mbeNnOV8938RoCeV12jxoqya3KgKiDxx0FZwJMVfRDdE4

